lv1_code,product_class_name,name,status,brand,attribute.co_online.boolean,attribute.us_online.boolean,image.1.url,image.1.description,image.1.is_primary,image.1.tag_list,image.2.url,image.2.description,image.2.is_primary,image.2.tag_list,image.3.url,image.3.description,image.3.is_primary,image.3.tag_list,image.4.url,image.4.description,image.4.is_primary,image.4.tag_list,image.5.url,image.5.description,image.5.is_primary,image.5.tag_list,image.6.url,image.6.description,image.6.is_primary,image.6.tag_list,image.7.url,image.7.description,image.7.is_primary,image.7.tag_list,image.8.url,image.8.description,image.8.is_primary,image.8.tag_list,attribute.saya_color.single_option,variation_children_code
1467CCT01_blue,Colour,1467CCT01_blue,active,Maaji,1,1,https://res.cloudinary.com/maaji/image/upload/v1528332844/Spring2018/1467CCT01_blue_1.jpg,1467CCT01_blue_1,yes,hi-res,https://res.cloudinary.com/maaji/image/upload/v1528332845/Spring2018/1467CCT01_blue_2.jpg,1467CCT01_blue_2,no,hi-res,,,,,,,,,,,,,,,,,,,,,,,,,azul,1467CCT01_blue_sm|1467CCT01_blue_md|1467CCT01_blue_lg
1468CPA01_blue,Colour,1468CPA01_blue,active,Maaji,1,1,https://res.cloudinary.com/maaji/image/upload/v1528333119/Spring2018/1468CPA01_blue_1.jpg,1468CPA01_blue_1,yes,hi-res,https://res.cloudinary.com/maaji/image/upload/v1528333120/Spring2018/1468CPA01_blue_2.jpg,1468CPA01_blue_2,no,hi-res,,,,,,,,,,,,,,,,,,,,,,,,,azul,1468CPA01_blue_sm|1468CPA01_blue_md|1468CPA01_blue_lg
1470CRO01_blue,Colour,1470CRO01_blue,active,Maaji,1,1,https://res.cloudinary.com/maaji/image/upload/v1528333654/Spring2018/1470CRO01_blue_3.jpg,1470CRO01_blue_3,yes,hi-res,https://res.cloudinary.com/maaji/image/upload/v1528333655/Spring2018/1470CRO01_blue_4.jpg,1470CRO01_blue_2,no,hi-res,,,,,,,,,,,,,,,,,,,,,,,,,azul,1470CRO01_blue_sm|1470CRO01_blue_md|1470CRO01_blue_lg
1438CSD02_blue,Colour,1438CSD02_blue,active,Maaji,1,1,https://res.cloudinary.com/maaji/image/upload/v1528331353/Spring2018/1438CSD02_blue_3.jpg,1438CSD02_blue_3,yes,hi-res,https://res.cloudinary.com/maaji/image/upload/v1528331354/Spring2018/1438CSD02_blue_4.jpg,1438CSD02_blue_4,no,hi-res,,,,,,,,,,,,,,,,,,,,,,,,,azul,1438CSD02_blue_sm|1438CSD02_blue_md|1438CSD02_blue_lg
1464CPA01_pink,Colour,1464CPA01_pink,active,Maaji,1,1,https://res.cloudinary.com/maaji/image/upload/v1528332029/Spring2018/1464CPA01_pink_1.jpg,1464CPA01_pink_1,yes,hi-res,https://res.cloudinary.com/maaji/image/upload/v1528332029/Spring2018/1464CPA01_pink_2.jpg,1464CPA01_pink_2,no,hi-res,,,,,,,,,,,,,,,,,,,,,,,,,rosado,1464CPA01_pink_sm|1464CPA01_pink_md|1464CPA01_pink_lg
1471CSD01_blue,Colour,1471CSD01_blue,active,Maaji,1,1,https://res.cloudinary.com/maaji/image/upload/v1528333657/Spring2018/1471CSD01_blue_3.jpg,1471CSD01_blue_3,yes,hi-res,https://res.cloudinary.com/maaji/image/upload/v1528333658/Spring2018/1471CSD01_blue_4.jpg,1471CSD01_blue_4,no,hi-res,https://res.cloudinary.com/maaji/image/upload/v1528333659/Spring2018/1471CSD01_blue_7.jpg,1471CSD01_blue_7,no,hi-res,https://res.cloudinary.com/maaji/image/upload/v1528333660/Spring2018/1471CSD01_blue_8.jpg,1471CSD01_blue_8,no,hi-res,,,,,,,,,,,,,,,,,azul,1471CSD01_blue_sm|1471CSD01_blue_md|1471CSD01_blue_lg
1472CSD01_blue,Colour,1472CSD01_blue,active,Maaji,1,1,https://res.cloudinary.com/maaji/image/upload/v1528334238/Spring2018/1472CSD01_blue_3.jpg,1472CSD01_blue_3,yes,hi-res,https://res.cloudinary.com/maaji/image/upload/v1528334238/Spring2018/1472CSD01_blue_4.jpg,1472CSD01_blue_4,no,hi-res,,,,,,,,,,,,,,,,,,,,,,,,,azul,1472CSD01_blue_sm|1472CSD01_blue_md|1472CSD01_blue_lg
1469CKS01_blue,Colour,1469CKS01_blue,active,Maaji,1,1,https://res.cloudinary.com/maaji/image/upload/v1528333123/Spring2018/1469CKS01_blue_1.jpg,1469CKS01_blue_1,yes,hi-res,https://res.cloudinary.com/maaji/image/upload/v1528333123/Spring2018/1469CKS01_blue_2.jpg,1469CKS01_blue_2,no,hi-res,,,,,,,,,,,,,,,,,,,,,,,,,azul,1469CKS01_blue_sm|1469CKS01_blue_md|1469CKS01_blue_lg
1461CSD01_pink,Colour,1461CSD01_pink,active,Maaji,1,1,https://res.cloudinary.com/maaji/image/upload/v1528331583/Spring2018/1461CSD01_pink_3.jpg,1461CSD01_pink_3,yes,hi-res,https://res.cloudinary.com/maaji/image/upload/v1528331584/Spring2018/1461CSD01_pink_4.jpg,1462CSD01_pink_4,no,hi-res,,,,,,,,,,,,,,,,,,,,,,,,,rosado,1461CSD01_pink_sm|1461CSD01_pink_md|1461CSD01_pink_lg
1378CPA01_purple,Colour,1378CPA01_purple,active,Maaji,1,1,https://res.cloudinary.com/maaji/image/upload/v1528329102/Spring2018/1378CPA01_purple_1.jpg,1378CPA01_purple_1,yes,hi-res,https://res.cloudinary.com/maaji/image/upload/v1528329103/Spring2018/1378CPA01_purple_2.jpg,1378CPA01_purple_2,no,hi-res,,,,,,,,,,,,,,,,,,,,,,,,,morado,1378CPA01_purple_sm|1378CPA01_purple_md|1378CPA01_purple_lg
1426CSH01_purple,Colour,1426CSH01_purple,active,Maaji,1,1,https://res.cloudinary.com/maaji/image/upload/v1528330755/Spring2018/1426CSH01_purple_1.jpg,1426CSH01_purple_1,yes,hi-res,https://res.cloudinary.com/maaji/image/upload/v1528330756/Spring2018/1426CSH01_purple_2.jpg,1426CSH01_purple_2,no,hi-res,,,,,,,,,,,,,,,,,,,,,,,,,morado,1426CSH01_purple_sm|1426CSH01_purple_md|1426CSH01_purple_lg
1463CLD01_purple,Colour,1463CLD01_purple,active,Maaji,1,1,https://res.cloudinary.com/maaji/image/upload/v1528331822/Spring2018/1463CLD01_purple_3.jpg,1463CLD01_purple_3,yes,hi-res,https://res.cloudinary.com/maaji/image/upload/v1528331823/Spring2018/1463CLD01_purple_4.jpg,1463CLD01_purple_4,no,hi-res,,,,,,,,,,,,,,,,,,,,,,,,,morado,1463CLD01_purple_sm|1463CLD01_purple_md|1463CLD01_purple_lg
1420CSD01_purple,Colour,1420CSD01_purple,active,Maaji,1,1,https://res.cloudinary.com/maaji/image/upload/v1528329104/Spring2018/1420CSD01_purple_3.jpg,1420CSD01_purple_3,yes,hi-res,https://res.cloudinary.com/maaji/image/upload/v1528329441/Spring2018/1420CSD01_purple_4.jpg,1420CSD01_purple_4,no,hi-res,https://res.cloudinary.com/maaji/image/upload/v1528329442/Spring2018/1420CSD01_purple_7.jpg,1420CSD01_purple_7,no,hi-res,https://res.cloudinary.com/maaji/image/upload/v1528329443/Spring2018/1420CSD01_purple_8.jpg,1420CSD01_purple_8,no,hi-res,,,,,,,,,,,,,,,,,morado,1420CSD01_purple_sm|1420CSD01_purple_md|1420CSD01_purple_lg
1465CRO01_purple,Colour,1465CRO01_purple,active,Maaji,1,1,https://res.cloudinary.com/maaji/image/upload/v1528332236/Spring2018/1465CRO01_purple_3.jpg,1465CRO01_purple_3,yes,hi-res,https://res.cloudinary.com/maaji/image/upload/v1528332237/Spring2018/1465CRO01_purple_4.jpg,1465CRO01_purple_4,no,hi-res,,,,,,,,,,,,,,,,,,,,,,,,,morado,1465CRO01_purple_sm|1465CRO01_purple_md|1465CRO01_purple_lg
1422CSD02_wine,Colour,1422CSD02_wine,active,Maaji,1,1,https://res.cloudinary.com/maaji/image/upload/v1528330294/Spring2018/1422CSD02_wine_3.jpg,1422CSD02_wine_3,yes,hi-res,https://res.cloudinary.com/maaji/image/upload/v1528330295/Spring2018/1422CSD02_wine_4.jpg,1422CSD02_wine_4,no,hi-res,,,,,,,,,,,,,,,,,,,,,,,,,vinotinto,1422CSD02_wine_sm|1422CSD02_wine_md|1422CSD02_wine_lg
3046SHN01_wine,Colour,3046SHN01_wine,active,Maaji,1,1,https://res.cloudinary.com/maaji/image/upload/v1528408116/Spring2018/3046SHN01_wine_1.jpg,3046SHN01_wine_1,yes,hi-res,https://res.cloudinary.com/maaji/image/upload/v1528408116/Spring2018/3046SHN01_wine_2.jpg,3046SHN01_wine_2,no,hi-res,https://res.cloudinary.com/maaji/image/upload/v1528408118/Spring2018/3046SHN01_wine_5.jpg,3046SHN01_wine_5,no,hi-res,https://res.cloudinary.com/maaji/image/upload/v1528408118/Spring2018/3046SHN01_wine_6.jpg,3046SHN01_wine_6,no,hi-res,,,,,,,,,,,,,,,,,vinotinto,3046SHN01_wine_sm|3046SHN01_wine_md|3046SHN01_wine_lg|3046SHN01_wine_xl
2113SFT01_purple,Colour,2113SFT01_purple,active,Maaji,1,1,https://res.cloudinary.com/maaji/image/upload/v1528395190/Spring2018/2113SFT01_purple_1.jpg,2113SFT01_purple_1,yes,hi-res,https://res.cloudinary.com/maaji/image/upload/v1528395191/Spring2018/2113SFT01_purple_2.jpg,2113SFT01_purple_2,no,hi-res,,,,,,,,,,,,,,,,,,,,,,,,,rojo,2113SFT01_red_sm|2113SFT01_red_md|2113SFT01_red_lg|2113SFT01_red_xl
3045SFT01_wine,Colour,3045SFT01_wine,active,Maaji,1,1,https://res.cloudinary.com/maaji/image/upload/v1528407314/Spring2018/3045SFT01_wine_1.jpg,3045SFT01_wine_1,yes,hi-res,https://res.cloudinary.com/maaji/image/upload/v1528407314/Spring2018/3045SFT01_wine_2.jpg,3045SFT01_wine_2,no,hi-res,https://res.cloudinary.com/maaji/image/upload/v1528407315/Spring2018/3045SFT01_wine_5.jpg,3045SFT01_wine_5,no,hi-res,https://res.cloudinary.com/maaji/image/upload/v1528407317/Spring2018/3045SFT01_wine_6.jpg,3045SFT01_wine_6,no,hi-res,,,,,,,,,,,,,,,,,vinotinto,3045SFT01_wine_sm|3045SFT01_wine_md|3045SFT01_wine_lg|3045SFT01_wine_xl
2112SFA01_wine,Colour,2112SFA01_wine,active,Maaji,1,1,https://res.cloudinary.com/maaji/image/upload/v1528394494/Spring2018/2112SFA01_wine_1.jpg,2112SFA01_wine_1,yes,hi-res,https://res.cloudinary.com/maaji/image/upload/v1528394495/Spring2018/2112SFA01_wine_2.jpg,2112SFA01_wine_2,no,hi-res,https://res.cloudinary.com/maaji/image/upload/v1528394496/Spring2018/2112SFA01_wine_7.jpg,2112SFA01_wine_7,no,hi-res,https://res.cloudinary.com/maaji/image/upload/v1528394497/Spring2018/2112SFA01_wine_8.jpg,2112SFA01_wine_8,no,hi-res,,,,,,,,,,,,,,,,,rojo,2112SFA01_red_sm|2112SFA01_red_md|2112SFA01_red_lg|2112SFA01_red_xl
2115SSE01_wine,Colour,2115SSE01_wine,active,Maaji,1,1,https://res.cloudinary.com/maaji/image/upload/v1528396615/Spring2018/2115SSE01_wine_1.jpg,2115SSE01_wine_1,yes,hi-res,https://res.cloudinary.com/maaji/image/upload/v1528396616/Spring2018/2115SSE01_wine_2.jpg,2115SSE01_wine_2,no,hi-res,,,,,,,,,,,,,,,,,,,,,,,,,vinotinto,2115SSE01_wine_sm|2115SSE01_wine_md|2115SSE01_wine_lg|2115SSE01_wine_xl
3047SFH01_red,Colour,3047SFH01_red,active,Maaji,1,1,https://res.cloudinary.com/maaji/image/upload/v1528408485/Spring2018/3047SFH01_red_1.jpg,3047SFH01_red_1,yes,hi-res,https://res.cloudinary.com/maaji/image/upload/v1528408486/Spring2018/3047SFH01_red_2.jpg,3047SFH01_red_2,no,hi-res,https://res.cloudinary.com/maaji/image/upload/v1528408487/Spring2018/3047SFH01_red_5.jpg,3047SFH01_red_5,no,hi-res,https://res.cloudinary.com/maaji/image/upload/v1528408488/Spring2018/3047SFH01_red_6.jpg,3047SFH01_red_6,no,hi-res,,,,,,,,,,,,,,,,,rojo,3047SFH01_red_sm|3047SFH01_red_md|3047SFH01_red_lg|3047SFH01_red_xl
2117SSP01_wine,Colour,2117SSP01_wine,active,Maaji,1,1,https://res.cloudinary.com/maaji/image/upload/v1528397690/Spring2018/2117SSP01_wine_1.jpg,2117SSP01_wine_1,yes,hi-res,https://res.cloudinary.com/maaji/image/upload/v1528397691/Spring2018/2117SSP01_wine_2.jpg,2117SSP01_wine_2,no,hi-res,,,,,,,,,,,,,,,,,,,,,,,,,vinotinto,2117SSP01_wine_sm|2117SSP01_wine_md|2117SSP01_wine_lg|2117SSP01_wine_xl
3049SFA01_red,Colour,3049SFA01_red,active,Maaji,1,1,https://res.cloudinary.com/maaji/image/upload/v1528416245/Spring2018/3049SFA01_red_1.jpg,3049SFA01_red_1,yes,hi-res,https://res.cloudinary.com/maaji/image/upload/v1528416246/Spring2018/3049SFA01_red_2.jpg,3049SFA01_red_2,no,hi-res,https://res.cloudinary.com/maaji/image/upload/v1528416246/Spring2018/3049SFA01_red_3.jpg,3049SFA01_red_3,no,hi-res,https://res.cloudinary.com/maaji/image/upload/v1528416247/Spring2018/3049SFA01_red_4.jpg,3049SFA01_red_4,no,hi-res,https://res.cloudinary.com/maaji/image/upload/v1528416248/Spring2018/3049SFA01_red_5.jpg,3049SFA01_red_5,no,hi-res,https://res.cloudinary.com/maaji/image/upload/v1528416249/Spring2018/3049SFA01_red_6.jpg,3049SFA01_red_6,no,hi-res,https://res.cloudinary.com/maaji/image/upload/v1528416250/Spring2018/3049SFA01_red_7.jpg,3049SFA01_red_7,no,hi-res,https://res.cloudinary.com/maaji/image/upload/v1528416250/Spring2018/3049SFA01_red_8.jpg,3049SFA01_red_8,no,hi-res,rojo,3049SFA01_red_sm|3049SFA01_red_md|3049SFA01_red_lg|3049SFA01_red_xl
3054SFA01_blue,Colour,3054SFA01_blue,active,Maaji,1,1,https://res.cloudinary.com/maaji/image/upload/v1528420163/Spring2018/3054SFA01_blue_1.jpg,3054SFA01_blue_1,yes,hi-res,https://res.cloudinary.com/maaji/image/upload/v1528420164/Spring2018/3054SFA01_blue_2.jpg,3054SFA01_blue_2,no,hi-res,https://res.cloudinary.com/maaji/image/upload/v1528420165/Spring2018/3054SFA01_blue_3.jpg,3054SFA01_blue_3,no,hi-res,https://res.cloudinary.com/maaji/image/upload/v1528420166/Spring2018/3054SFA01_blue_4.jpg,3054SFA01_blue_4,no,hi-res,https://res.cloudinary.com/maaji/image/upload/v1528420167/Spring2018/3054SFA01_blue_5.jpg,3054SFA01_blue_5,no,hi-res,https://res.cloudinary.com/maaji/image/upload/v1528420168/Spring2018/3054SFA01_blue_6.jpg,3054SFA01_blue_6,noo,hi-res,https://res.cloudinary.com/maaji/image/upload/v1528420169/Spring2018/3054SFA01_blue_7.jpg,3054SFA01_blue_7,no,hi-res,https://res.cloudinary.com/maaji/image/upload/v1528420169/Spring2018/3054SFA01_blue_8.jpg,3054SFA01_blue_8,no,hi-res,azul,3054SFA01_blue_sm|3054SFA01_blue_md|3054SFA01_blue_lg|3054SFA01_blue_xl
1520SFH01_blue,Colour,1520SFH01_blue,active,Maaji,1,1,https://res.cloudinary.com/maaji/image/upload/v1528334995/Spring2018/1520SFH01_blue_1.jpg,1520SFH01_blue_1,yes,hi-res,https://res.cloudinary.com/maaji/image/upload/v1528334996/Spring2018/1520SFH01_blue_2.jpg,1520SFH01_blue_2,no,hi-res,https://res.cloudinary.com/maaji/image/upload/v1528334998/Spring2018/1520SFH01_blue_5.jpg,1520SFH01_blue_5,no,hi-res,https://res.cloudinary.com/maaji/image/upload/v1528334999/Spring2018/1520SFH01_blue_6.jpg,1520SFH01_blue_6,no,hi-res,,,,,,,,,,,,,,,,,azul,1520SFH01_blue_sm|1520SFH01_blue_md|1520SFH01_blue_lg|1520SFH01_blue_xl
3053SFA01_blue,Colour,3053SFA01_blue,active,Maaji,1,1,https://res.cloudinary.com/maaji/image/upload/v1528419528/Spring2018/3053SFA01_blue_1.jpg,3053SFA01_blue_1,yes,hi-res,https://res.cloudinary.com/maaji/image/upload/v1528419529/Spring2018/3053SFA01_blue_2.jpg,30553SFA01_blue_2,no,hi-res,https://res.cloudinary.com/maaji/image/upload/v1528419530/Spring2018/3053SFA01_blue_5.jpg,3053SFA01_blue_5,no,hi-res,https://res.cloudinary.com/maaji/image/upload/v1528419530/Spring2018/3053SFA01_blue_6.jpg,3053SFA01_blue_6,no,hi-res,,,,,,,,,,,,,,,,,azul,3053SFA01_blue_sm|3053SFA01_blue_md|3053SFA01_blue_lg|3053SFA01_blue_xl
2121SHN01_blue,Colour,2121SHN01_blue,active,Maaji,1,1,https://res.cloudinary.com/maaji/image/upload/v1528398848/Spring2018/2121SHN01_blue_1.jpg,2121SHN01_blue_1,yes,hi-res,https://res.cloudinary.com/maaji/image/upload/v1528398849/Spring2018/2121SHN01_blue_2.jpg,2121SHN01_blue_2,no,hi-res,,,,,,,,,,,,,,,,,,,,,,,,,azul,2121SHN01_blue_sm|2121SHN01_blue_md|2121SHN01_blue_lg|2121SHN01_blue_xl
1929SFA02_blue,Colour,1929SFA02_blue,active,Maaji,1,1,https://res.cloudinary.com/maaji/image/upload/v1528336179/Spring2018/1929SFA02_blue_1.jpg,1929SFA02_blue_1,yes,hi-res,https://res.cloudinary.com/maaji/image/upload/v1528336179/Spring2018/1929SFA02_blue_2.jpg,1929SFA02_blue_2,no,hi-res,,,,,,,,,,,,,,,,,,,,,,,,,azul,1929SFA02_blue_sm|1929SFA02_blue_md|1929SFA02_blue_lg|1929SFA02_blue_xl
2033SUN01_blue,Colour,2033SUN01_blue,active,Maaji,1,1,https://res.cloudinary.com/maaji/image/upload/v1528389044/Spring2018/2033SUN01_blue_1.jpg,2033SUN01_blue_1,yes,hi-res,https://res.cloudinary.com/maaji/image/upload/v1528389045/Spring2018/2033SUN01_blue_2.jpg,2033SUN01_blue_2,no,hi-res,,,,,,,,,,,,,,,,,,,,,,,,,azul,2033SUN01_blue_sm|2033SUN01_blue_md|2033SUN01_blue_lg|2033SUN01_blue_xl
2113SFT02_blue,Colour,2113SFT02_blue,active,Maaji,1,1,https://res.cloudinary.com/maaji/image/upload/v1528395672/Spring2018/2113SFT02_blue_1.jpg,2113SFT02_blue_1,yes,hi-res,https://res.cloudinary.com/maaji/image/upload/v1528395673/Spring2018/2113SFT02_blue_2.jpg,2113SFT02_blue_2,no,hi-res,,,,,,,,,,,,,,,,,,,,,,,,,azul,2113SFT02_blue_sm|2113SFT02_blue_md|2113SFT02_blue_lg|2113SFT02_blue_xl
2125SSP01_blue,Colour,2125SSP01_blue,active,Maaji,1,1,https://res.cloudinary.com/maaji/image/upload/v1528401632/Spring2018/2125SSP01_blue_1.jpg,2125SSP01_blue_1,yes,hi-res,https://res.cloudinary.com/maaji/image/upload/v1528401633/Spring2018/2125SSP01_blue_2.jpg,2125SSP01_blue_2,no,hi-res,,,,,,,,,,,,,,,,,,,,,,,,,azul,2125SSP01_blue_sm|2125SSP01_blue_md|2125SSP01_blue_lg|2125SSP01_blue_xl
2128SFA01_blue,Colour,2128SFA01_blue,active,Maaji,1,1,https://res.cloudinary.com/maaji/image/upload/v1528402764/Spring2018/2128SFA01_blue_1.jpg,2128SFA01_blue_1,yes,hi-res,https://res.cloudinary.com/maaji/image/upload/v1528402764/Spring2018/2128SFA01_blue_2.jpg,2128SFA01_blue_2,no,hi-res,https://res.cloudinary.com/maaji/image/upload/v1528402765/Spring2018/2128SFA01_blue_7.jpg,2128SFA01_blue_7,no,hi-res,https://res.cloudinary.com/maaji/image/upload/v1528402766/Spring2018/2128SFA01_blue_8.jpg,2128SFA01_blue_8,no,hi-res,,,,,,,,,,,,,,,,,azul,2128SFA01_blue_sm|2128SFA01_blue_md|2128SFA01_blue_lg|2128SFA01_blue_xl
2129SBA01_blue,Colour,2129SBA01_blue,active,Maaji,1,1,https://res.cloudinary.com/maaji/image/upload/v1528403302/Spring2018/2129SBA01_blue_1.jpg,2129SBA01_blue_1,yes,hi-res,https://res.cloudinary.com/maaji/image/upload/v1528403307/Spring2018/2129SBA01_blue_2.jpg,2129SBA01_blue_2,no,hi-res,https://res.cloudinary.com/maaji/image/upload/v1528403307/Spring2018/2129SBA01_blue_7.jpg,2129SBA01_blue_7,no,hi-res,https://res.cloudinary.com/maaji/image/upload/v1528403308/Spring2018/2129SBA01_blue_8.jpg,2129SBA01_blue_8,no,hi-res,,,,,,,,,,,,,,,,,azul,2129SBA01_blue_sm|2129SBA01_blue_md|2129SBA01_blue_lg|2129SBA01_blue_xl
2127SFH01_blue,Colour,2127SFH01_blue,active,Maaji,1,1,https://res.cloudinary.com/maaji/image/upload/v1528402043/Spring2018/2127SFH01_blue_1.jpg,2127SFH01_blue_1,yes,hi-res,https://res.cloudinary.com/maaji/image/upload/v1528402044/Spring2018/2127SFH01_blue_2.jpg,2127SFH01_blue_2,no,hi-res,,,,,,,,,,,,,,,,,,,,,,,,,azul,2127SFH01_blue_sm|2127SFH01_blue_md|2127SFH01_blue_lg|2127SFH01_blue_xl
3049SFA02_blue,Colour,3049SFA02_blue,active,Maaji,1,1,https://res.cloudinary.com/maaji/image/upload/v1528417565/Spring2018/3049SFA02_blue_1.jpg,3049SFA02_blue_1,yes,hi-res,https://res.cloudinary.com/maaji/image/upload/v1528417566/Spring2018/3049SFA02_blue_2.jpg,3049SFA02_blue_2,no,hi-res,https://res.cloudinary.com/maaji/image/upload/v1528417567/Spring2018/3049SFA02_blue_3.jpg,3049SFA02_blue_3,no,hi-res,https://res.cloudinary.com/maaji/image/upload/v1528417568/Spring2018/3049SFA02_blue_4.jpg,3049SFA01_blue_4,no,hi-res,https://res.cloudinary.com/maaji/image/upload/v1528417568/Spring2018/3049SFA02_blue_5.jpg,3049SFA02_blue_5,no,hi-res,https://res.cloudinary.com/maaji/image/upload/v1528417569/Spring2018/3049SFA02_blue_6.jpg,3049SFA02_blue_6,no,hi-res,https://res.cloudinary.com/maaji/image/upload/v1528417570/Spring2018/3049SFA02_blue_7.jpg,3049SFA02_blue_7,no,hi-res,https://res.cloudinary.com/maaji/image/upload/v1528417571/Spring2018/3049SFA02_blue_8.jpg,3049SFA02_blue_8,no,hi-res,azul,3049SFA02_blue_sm|3049SFA02_blue_md|3049SFA02_blue_lg|3049SFA02_blue_xl
3051SSE01_blue,Colour,3051SSE01_blue,active,Maaji,1,1,https://res.cloudinary.com/maaji/image/upload/v1528418469/Spring2018/3051SSE01_blue_1.jpg,3051SSE01_blue_1,yes,hi-res,https://res.cloudinary.com/maaji/image/upload/v1528418471/Spring2018/3051SSE01_blue_2.jpg,3051SSE01_blue_2,no,hi-res,https://res.cloudinary.com/maaji/image/upload/v1528418471/Spring2018/3051SSE01_blue_5.jpg,3051SSE01_blue_5,no,hi-res,https://res.cloudinary.com/maaji/image/upload/v1528418472/Spring2018/3051SSE01_blue_6.jpg,3051SSE01_blue_6,no,hi-res,,,,,,,,,,,,,,,,,azul,3051SSE01_blue_sm|3051SSE01_blue_md|3051SSE01_blue_lg|3051SSE01_blue_xl
3048SUN01_red,Colour,3048SUN01_red,active,Maaji,1,1,https://res.cloudinary.com/maaji/image/upload/v1528408854/Spring2018/3048SUN01_red_1.jpg,3048SUN01_red_1,yes,hi-res,https://res.cloudinary.com/maaji/image/upload/v1528408855/Spring2018/3048SUN01_red_2.jpg,3048SUN01_red_2,no,hi-res,https://res.cloudinary.com/maaji/image/upload/v1528408856/Spring2018/3048SUN01_red_5.jpg,3048SUN01_red_5,no,hi-res,https://res.cloudinary.com/maaji/image/upload/v1528408857/Spring2018/3048SUN01_red_6.jpg,3048SUN01_red_6,no,hi-res,,,,,,,,,,,,,,,,,rojo,3048SUN01_red_sm|3048SUN01_red_md|3048SUN01_red_lg|3048SUN01_red_xl
3012SFH02_wine,Colour,3012SFH02_wine,active,Maaji,1,1,https://res.cloudinary.com/maaji/image/upload/v1528405703/Spring2018/3012SFH02_wine_1.jpg,3012SFH02_wine_1,yes,hi-res,https://res.cloudinary.com/maaji/image/upload/v1528405704/Spring2018/3012SFH02_wine_2.jpg,3012SFH02_wine_2,no,hi-res,https://res.cloudinary.com/maaji/image/upload/v1528405705/Spring2018/3012SFH02_wine_3.jpg,3012SFH02_wine_3,no,hi-res,https://res.cloudinary.com/maaji/image/upload/v1528405705/Spring2018/3012SFH02_wine_4.jpg,3012SFH02_wine_4,no,hi-res,https://res.cloudinary.com/maaji/image/upload/v1528405706/Spring2018/3012SFH02_wine_5.jpg,3012SFH02_wine_5,no,hi-res,https://res.cloudinary.com/maaji/image/upload/v1528405707/Spring2018/3012SFH02_wine_6.jpg,3012SFH02_wine_6,no,hi-res,https://res.cloudinary.com/maaji/image/upload/v1528405708/Spring2018/3012SFH02_wine_7.jpg,3012SFH02_wine_7,no,hi-res,https://res.cloudinary.com/maaji/image/upload/v1528405709/Spring2018/3012SFH02_wine_8.jpg,3012SFH02_wine_8,no,hi-res,vinotinto,3012SFH02_wine_sm|3012SFH02_wine_md|3012SFH02_wine_lg|3012SFH02_wine_xl
2021SFA02_wine,Colour,2021SFA02_wine,active,Maaji,1,1,https://res.cloudinary.com/maaji/image/upload/v1528337482/Spring2018/2021SFA02_wine_1.jpg,2021SFA02_wine_1,yes,hi-res,https://res.cloudinary.com/maaji/image/upload/v1528337483/Spring2018/2021SFA02_wine_2.jpg,2021SFA02_wine_2,no,hi-res,https://res.cloudinary.com/maaji/image/upload/v1528337483/Spring2018/2021SFA02_wine_7.jpg,2021SFA02_wine_7,no,hi-res,https://res.cloudinary.com/maaji/image/upload/v1528337484/Spring2018/2021SFA02_wine_8.jpg,2021SFA02_wine_8,no,hi-res,,,,,,,,,,,,,,,,,vinotinto,2021SFA02_wine_sm|2021SFA02_wine_md|2021SFA02_wine_lg|2021SFA02_wine_xl
1916SFH02_wine,Colour,1916SFH02_wine,active,Maaji,1,1,https://res.cloudinary.com/maaji/image/upload/v1528335523/Spring2018/1916SFH02_wine_1.jpg,1916SFH02_wine_1,yes,hi-res,https://res.cloudinary.com/maaji/image/upload/v1528335524/Spring2018/1916SFH02_wine_2.jpg,1916SFH02_wine_2,no,hi-res,,,,,,,,,,,,,,,,,,,,,,,,,vinotinto,1916SFH02_wine_sm|1916SFH02_wine_md|1916SFH02_wine_lg|1916SFH02_wine_xl
2123SRA01_blue,Colour,2123SRA01_blue,active,Maaji,1,1,https://res.cloudinary.com/maaji/image/upload/v1528399151/Spring2018/2123SRA01_blue_1.jpg,2123SRA01_blue_1,yes,hi-res,https://res.cloudinary.com/maaji/image/upload/v1528399152/Spring2018/2123SRA01_blue_2.jpg,2123SRA01_blue_2,no,hi-res,,,,,,,,,,,,,,,,,,,,,,,,,azul,2123SRA01_blue_sm|2123SRA01_blue_md|2123SRA01_blue_lg
2118SSF01_wine,Colour,2118SSF01_wine,active,Maaji,1,1,https://res.cloudinary.com/maaji/image/upload/v1528397691/Spring2018/2118SSF01_wine_1.jpg,2118SSF01_wine_1,yes,hi-res,https://res.cloudinary.com/maaji/image/upload/v1528397692/Spring2018/2118SSF01_wine_2.jpg,2118SSF01_wine_2,no,hi-res,https://res.cloudinary.com/maaji/image/upload/v1528397969/Spring2018/2118SSF01_wine_7.jpg,2118SSF01_wine_7,no,hi-res,https://res.cloudinary.com/maaji/image/upload/v1528397969/Spring2018/2118SSF01_wine_8.jpg,2118SSF01_wine_8,no,hi-res,,,,,,,,,,,,,,,,,vinotinto,2118SSF01_wine_sm|2118SSF01_wine_md|2118SSF01_wine_lg
1045TRS01_blue,Colour,1045TRS01_blue,active,Maaji,0,0,https://res.cloudinary.com/maaji/image/upload/v1528220733/Spring2018/1045TRS01_blue_1.jpg,1045TRS01_blue_1,yes,hi-res,https://res.cloudinary.com/maaji/image/upload/v1528220734/Spring2018/1045TRS01_blue_2.jpg,1045TRS01_blue_2,no,hi-res,https://res.cloudinary.com/maaji/image/upload/v1528220735/Spring2018/1045TRS01_blue_5.jpg,1045TRS01_blue_5,no,hi-res,,,,,,,,,,,,,,,,,,,,,azul,1045TRS01_blue_sm|1045TRS01_blue_md|1045TRS01_blue_lg|1045TRS01_blue_xl
1042TRS01_blue,Colour,1042TRS01_blue,active,Maaji,0,0,https://res.cloudinary.com/maaji/image/upload/v1528204117/Spring2018/1042TRS01_blue_1.jpg,1042TRS01_blue_1,yes,hi-res,https://res.cloudinary.com/maaji/image/upload/v1528204118/Spring2018/1042TRS01_blue_2.jpg,1042TRS01_blue_2,no,hi-res,https://res.cloudinary.com/maaji/image/upload/v1528204120/Spring2018/1042TRS01_blue_5.jpg,1042TRS01_blue_5,no,hi-res,,,,,,,,,,,,,,,,,,,,,azul,1042TRS01_blue_sm|1042TRS01_blue_md|1042TRS01_blue_lg|1042TRS01_blue_xl
1043TRS01_red,Colour,1043TRS01_red,active,Maaji,0,0,https://res.cloudinary.com/maaji/image/upload/v1528219019/Spring2018/1043TRS01_red_1.jpg,1043TRS01_red_1,yes,hi-res,https://res.cloudinary.com/maaji/image/upload/v1528219020/Spring2018/1043TRS01_red_2.jpg,1043TRS01_red_2,no,hi-res,https://res.cloudinary.com/maaji/image/upload/v1528219021/Spring2018/1043TRS01_red_5.jpg,1043TRS01_red_5,no,hi-res,,,,,,,,,,,,,,,,,,,,,rojo,1043TRS01_red_sm|1043TRS01_red_md|1043TRS01_red_lg|1043TRS01_red_xl
1044TRS01_black,Colour,1044TRS01_black,active,Maaji,0,0,https://res.cloudinary.com/maaji/image/upload/v1528219871/Spring2018/1044TRS01_black_1.jpg,1044TRS01_black_1,yes,hi-res,https://res.cloudinary.com/maaji/image/upload/v1528219872/Spring2018/1044TRS01_black_2.jpg,1044TRS01_black_2,no,hi-res,https://res.cloudinary.com/maaji/image/upload/v1528219873/Spring2018/1044TRS01_black_5.jpg,1044TRS01_black_5,no,hi-res,,,,,,,,,,,,,,,,,,,,,negro,1044TRS01_black_sm|1044TRS01_black_md|1044TRS01_black_lg|1044TRS01_black_xl
1048TSS01_blue,Colour,1048TSS01_blue,active,Maaji,0,0,https://res.cloudinary.com/maaji/image/upload/v1528223976/Spring2018/1048TSS01_blue_1.jpg,1048TSS01_blue_1,yes,hi-res,https://res.cloudinary.com/maaji/image/upload/v1528223979/Spring2018/1048TSS01_blue_2.jpg,1048TSS01_blue_2,no,hi-res,,,,,,,,,,,,,,,,,,,,,,,,,azul,1048TSS01_blue_sm|1048TSS01_blue_md|1048TSS01_blue_lg|1048TSS01_blue_xl
1049TSS01_blue,Colour,1049TSS01_blue,active,Maaji,0,0,https://res.cloudinary.com/maaji/image/upload/v1528224141/Spring2018/1049TSS01_blue_1.jpg,1049TSS01_blue_1,yes,hi-res,https://res.cloudinary.com/maaji/image/upload/v1528224141/Spring2018/1049TSS01_blue_2.jpg,1049TSS01_blue_2,no,hi-res,,,,,,,,,,,,,,,,,,,,,,,,,blue,1049TSS01_blue_sm|1049TSS01_blue_md|1049TSS01_blue_lg|1049TSS01_blue_xl
1050TSS01_yellow,Colour,1050TSS01_yellow,active,Maaji,0,0,https://res.cloudinary.com/maaji/image/upload/v1528224590/Spring2018/1050TSS01_yellow_1.jpg,1050TSS01_yellow_1,yes,hi-res,https://res.cloudinary.com/maaji/image/upload/v1528224592/Spring2018/1050TSS01_yellow_2.jpg,1050TSS01_yellow_2,no,hi-res,,,,,,,,,,,,,,,,,,,,,,,,,amarillo,1050TSS01_yellow_sm|1050TSS01_yellow_md|1050TSS01_yellow_lg|1050TSS01_yellow_xl
1040TBS01_blue,Colour,1040TBS01_blue,active,Maaji,0,0,https://res.cloudinary.com/maaji/image/upload/v1528203645/Spring2018/1040TBS01_blue_1.jpg,1040TBS01_blue_1,yes,hi-res,https://res.cloudinary.com/maaji/image/upload/v1528203646/Spring2018/1040TBS01_blue_2.jpg,1040TBS01_blue_2,no,hi-res,,,,,,,,,,,,,,,,,,,,,,,,,azul,1040TBS01_blue_sm|1040TBS01_blue_md|1040TBS01_blue_lg|1040TBS01_blue_xl
1041TBS01_blue,Colour,1041TBS01_blue,active,Maaji,0,0,https://res.cloudinary.com/maaji/image/upload/v1528204113/Spring2018/1041TBS01_blue_1.jpg,1041TBS01_blue_1,yes,hi-res,https://res.cloudinary.com/maaji/image/upload/v1528204115/Spring2018/1041TBS01_blue_2.jpg,1041TBS01_blue_2,no,hi-res,,,,,,,,,,,,,,,,,,,,,,,,,azul,1041TBS01_blue_sm|1041TBS01_blue_md|1041TBS01_blue_lg|1041TBS01_blue_xl
1046TSF01_blue,Colour,1046TSF01_blue,active,Maaji,0,0,https://res.cloudinary.com/maaji/image/upload/v1528221035/Spring2018/1046TSF01_blue_1.jpg,1046TSF01_blue_1,yes,hi-res,https://res.cloudinary.com/maaji/image/upload/v1528221036/Spring2018/1046TSF01_blue_2.jpg,1046TSF01_blue_2,no,hi-res,,,,,,,,,,,,,,,,,,,,,,,,,azul,1046TSF01_blue_sm|1046TSF01_blue_md|1046TSF01_blue_lg|1046TSF01_blue_xl
1047TSF01_red,Colour,1047TSF01_red,active,Maaji,0,0,https://res.cloudinary.com/maaji/image/upload/v1528221310/Spring2018/1047TSF01_red_1.jpg,1047TSF01_red_1,yes,hi-res,https://res.cloudinary.com/maaji/image/upload/v1528221311/Spring2018/1047TSF01_red_2.jpg,1047TSF01_red_2,no,hi-res,,,,,,,,,,,,,,,,,,,,,,,,,rojo,1047TSF01_red_sm|1047TSF01_red_md|1047TSF01_red_lg|1047TSF01_red_xl
1038TSL01_blue,Colour,1038TSL01_blue,active,Maaji,0,0,https://res.cloudinary.com/maaji/image/upload/v1528203643/Spring2018/1038TSL01_blue_1.jpg,1038TSL01_blue_1,yes,hi-res,,,,,,,,,,,,,,,,,,,,,,,,,,,,,azul,1038TSL01_blue_sm|1038TSL01_blue_md|1038TSL01_blue_lg|1038TSL01_blue_xl
1039TSL01_blue,Colour,1039TSL01_blue,active,Maaji,0,0,https://res.cloudinary.com/maaji/image/upload/v1528203644/Spring2018/1039TSL01_blue_1.jpg,1039TSL01_blue_1,yes,hi-res,,,,,,,,,,,,,,,,,,,,,,,,,,,,,azul,1039TSL01_blue_sm|1039TSL01_blue_md|1039TSL01_blue_lg|1039TSL01_blue_xl
