lv1_code,product_class_name,name,status,brand,attribute.dw_size_code.single_option,attribute.saya_ean.string,attribute.saya_size.single_option,price_item.1.amount,price_item.1.price_book
3039SBC02_purple_sm,Size,3039SBC02_purple_sm,active,Maaji,SMALL,7702781001902,SMALL,95000,COP Price
3039SBC02_purple_md,Size,3039SBC02_purple_md,active,Maaji,MEDIUM,7702781001919,MEDIUM,95000,COP Price
3039SBC02_purple_lg,Size,3039SBC02_purple_lg,active,Maaji,LARGE,7702781001926,LARGE,95000,COP Price
3039SDC02_purple_sm,Size,3039SDC02_purple_sm,active,Maaji,SMALL,7702781020033,SMALL,95000,COP Price
3039SDC02_purple_md,Size,3039SDC02_purple_md,active,Maaji,MEDIUM,7702781020040,MEDIUM,95000,COP Price
3039SDC02_purple_lg,Size,3039SDC02_purple_lg,active,Maaji,LARGE,7702781020057,LARGE,95000,COP Price
1930SBC01_purple_sm,Size,1930SBC01_purple_sm,active,Maaji,SMALL,7702781001759,SMALL,100000,COP Price
1930SBC01_purple_md,Size,1930SBC01_purple_md,active,Maaji,MEDIUM,7702781001766,MEDIUM,100000,COP Price
1930SBC01_purple_lg,Size,1930SBC01_purple_lg,active,Maaji,LARGE,7702781001773,LARGE,100000,COP Price
1930SCC01_purple_sm,Size,1930SCC01_purple_sm,active,Maaji,SMALL,7702781021689,SMALL,100000,COP Price
1930SCC01_purple_md,Size,1930SCC01_purple_md,active,Maaji,MEDIUM,7702781021696,MEDIUM,100000,COP Price
1930SCC01_purple_lg,Size,1930SCC01_purple_lg,active,Maaji,LARGE,7702781021702,LARGE,100000,COP Price
2110SBC01_purple_sm,Size,2110SBC01_purple_sm,active,Maaji,SMALL,7702781002053,SMALL,100000,COP Price
2110SBC01_purple_md,Size,2110SBC01_purple_md,active,Maaji,MEDIUM,7702781002060,MEDIUM,100000,COP Price
2110SBC01_purple_lg,Size,2110SBC01_purple_lg,active,Maaji,LARGE,7702781002077,LARGE,100000,COP Price
2110SDC01_purple_sm,Size,2110SDC01_purple_sm,active,Maaji,SMALL,7702781021283,SMALL,100000,COP Price
2110SDC01_purple_md,Size,2110SDC01_purple_md,active,Maaji,MEDIUM,7702781021290,MEDIUM,100000,COP Price
2110SDC01_purple_lg,Size,2110SDC01_purple_lg,active,Maaji,LARGE,7702781021306,LARGE,100000,COP Price
2114SBC01_purple_sm,Size,2114SBC01_purple_sm,active,Maaji,SMALL,7702781002107,SMALL,100000,COP Price
2114SBC01_purple_md,Size,2114SBC01_purple_md,active,Maaji,MEDIUM,7702781002114,MEDIUM,100000,COP Price
2114SBC01_purple_lg,Size,2114SBC01_purple_lg,active,Maaji,LARGE,7702781002121,LARGE,100000,COP Price
2114SCC01_purple_sm,Size,2114SCC01_purple_sm,active,Maaji,SMALL,7702781021238,SMALL,100000,COP Price
2114SCC01_purple_md,Size,2114SCC01_purple_md,active,Maaji,MEDIUM,7702781021245,MEDIUM,100000,COP Price
2114SCC01_purple_lg,Size,2114SCC01_purple_lg,active,Maaji,LARGE,7702781021252,LARGE,100000,COP Price
3044SBC01_red_sm,Size,3044SBC01_red_sm,active,Maaji,SMALL,7702781003050,SMALL,95000,COP Price
3044SBC01_red_md,Size,3044SBC01_red_md,active,Maaji,MEDIUM,7702781003067,MEDIUM,95000,COP Price
3044SBC01_red_lg,Size,3044SBC01_red_lg,active,Maaji,LARGE,7702781003074,LARGE,95000,COP Price
3044SCC01_red_sm,Size,3044SCC01_red_sm,active,Maaji,SMALL,7702781020385,SMALL,95000,COP Price
3044SCC01_red_md,Size,3044SCC01_red_md,active,Maaji,MEDIUM,7702781020392,MEDIUM,95000,COP Price
3044SCC01_red_lg,Size,3044SCC01_red_lg,active,Maaji,LARGE,7702781020408,LARGE,95000,COP Price
2120SAC01_purple_sm,Size,2120SAC01_purple_sm,active,Maaji,SMALL,7702781002350,SMALL,100000,COP Price
2120SAC01_purple_md,Size,2120SAC01_purple_md,active,Maaji,MEDIUM,7702781002367,MEDIUM,100000,COP Price
2120SAC01_purple_lg,Size,2120SAC01_purple_lg,active,Maaji,LARGE,7702781002374,LARGE,100000,COP Price
2120SBC01_purple_sm,Size,2120SBC01_purple_sm,active,Maaji,SMALL,7702781020736,SMALL,100000,COP Price
2120SBC01_purple_md,Size,2120SBC01_purple_md,active,Maaji,MEDIUM,7702781020743,MEDIUM,100000,COP Price
2120SBC01_purple_lg,Size,2120SBC01_purple_lg,active,Maaji,LARGE,7702781020750,LARGE,100000,COP Price
2116SBC01_purple_sm,Size,2116SBC01_purple_sm,active,Maaji,SMALL,7702781002756,SMALL,100000,COP Price
2116SBC01_purple_md,Size,2116SBC01_purple_md,active,Maaji,MEDIUM,7702781002763,MEDIUM,100000,COP Price
2116SBC01_purple_lg,Size,2116SBC01_purple_lg,active,Maaji,LARGE,7702781002770,LARGE,100000,COP Price
2116SDC01_purple_sm,Size,2116SDC01_purple_sm,active,Maaji,SMALL,7702781020583,SMALL,100000,COP Price
2116SDC01_purple_md,Size,2116SDC01_purple_md,active,Maaji,MEDIUM,7702781020590,MEDIUM,100000,COP Price
2116SDC01_purple_lg,Size,2116SDC01_purple_lg,active,Maaji,LARGE,7702781020606,LARGE,100000,COP Price
2047SAC02_blue_sm,Size,2047SAC02_blue_sm,active,Maaji,SMALL,7702781003210,SMALL,100000,COP Price
2047SAC02_blue_md,Size,2047SAC02_blue_md,active,Maaji,MEDIUM,7702781003203,MEDIUM,100000,COP Price
2047SAC02_blue_lg,Size,2047SAC02_blue_lg,active,Maaji,LARGE,7702781003197,LARGE,100000,COP Price
2047SBC02_blue_sm,Size,2047SBC02_blue_sm,active,Maaji,SMALL,7702781020439,SMALL,100000,COP Price
2047SBC02_blue_md,Size,2047SBC02_blue_md,active,Maaji,MEDIUM,7702781020446,MEDIUM,100000,COP Price
2047SBC02_blue_lg,Size,2047SBC02_blue_lg,active,Maaji,LARGE,7702781020453,LARGE,100000,COP Price
3008SCC01_blue_sm,Size,3008SCC01_blue_sm,active,Maaji,SMALL,7702781005030,SMALL,95000,COP Price
3008SCC01_blue_md,Size,3008SCC01_blue_md,active,Maaji,MEDIUM,7702781004927,MEDIUM,95000,COP Price
3008SCC01_blue_lg,Size,3008SCC01_blue_lg,active,Maaji,LARGE,7702781004934,LARGE,95000,COP Price
3052SBC01_blue_sm,Size,3052SBC01_blue_sm,active,Maaji,SMALL,7702781004965,SMALL,100000,COP Price
3052SBC01_blue_md,Size,3052SBC01_blue_md,active,Maaji,MEDIUM,7702781004972,MEDIUM,100000,COP Price
3052SBC01_blue_lg,Size,3052SBC01_blue_lg,active,Maaji,LARGE,7702781004989,LARGE,100000,COP Price
3052SDC01_blue_sm,Size,3052SDC01_blue_sm,active,Maaji,SMALL,7702781021184,SMALL,100000,COP Price
3052SDC01_blue_md,Size,3052SDC01_blue_md,active,Maaji,MEDIUM,7702781021191,MEDIUM,100000,COP Price
3052SDC01_blue_lg,Size,3052SDC01_blue_lg,active,Maaji,LARGE,7702781021207,LARGE,100000,COP Price
3007SAC06_blue_sm,Size,3007SAC06_blue_sm,active,Maaji,SMALL,7702781005016,SMALL,95000,COP Price
3007SAC06_blue_md,Size,3007SAC06_blue_md,active,Maaji,MEDIUM,7702781005047,MEDIUM,95000,COP Price
3007SAC06_blue_lg,Size,3007SAC06_blue_lg,active,Maaji,LARGE,7702781005054,LARGE,95000,COP Price
3007SBC06_blue_sm,Size,3007SBC06_blue_sm,active,Maaji,SMALL,7702781020934,SMALL,95000,COP Price
3007SBC06_blue_md,Size,3007SBC06_blue_md,active,Maaji,MEDIUM,7702781020941,MEDIUM,95000,COP Price
3007SBC06_blue_lg,Size,3007SBC06_blue_lg,active,Maaji,LARGE,7702781020958,LARGE,95000,COP Price
3007SCC06_blue_sm,Size,3007SCC06_blue_sm,active,Maaji,SMALL,7702781020989,SMALL,95000,COP Price
3007SCC06_blue_md,Size,3007SCC06_blue_md,active,Maaji,MEDIUM,7702781020996,MEDIUM,95000,COP Price
3007SCC06_blue_lg,Size,3007SCC06_blue_lg,active,Maaji,LARGE,7702781021009,LARGE,95000,COP Price
3007SDC06_blue_sm,Size,3007SDC06_blue_sm,active,Maaji,SMALL,7702781021085,SMALL,95000,COP Price
3007SDC06_blue_md,Size,3007SDC06_blue_md,active,Maaji,MEDIUM,7702781021092,MEDIUM,95000,COP Price
3007SDC06_blue_lg,Size,3007SDC06_blue_lg,active,Maaji,LARGE,7702781021108,LARGE,95000,COP Price
1943SAC01_blue_sm,Size,1943SAC01_blue_sm,active,Maaji,SMALL,7702781003647,SMALL,100000,COP Price
1943SAC01_blue_md,Size,1943SAC01_blue_md,active,Maaji,MEDIUM,7702781003654,MEDIUM,100000,COP Price
1943SAC01_blue_lg,Size,1943SAC01_blue_lg,active,Maaji,LARGE,7702781003661,LARGE,100000,COP Price
1943SBC01_blue_sm,Size,1943SBC01_blue_sm,active,Maaji,SMALL,7702781024215,SMALL,100000,COP Price
1943SBC01_blue_md,Size,1943SBC01_blue_md,active,Maaji,MEDIUM,7702781024222,MEDIUM,100000,COP Price
1943SBC01_blue_lg,Size,1943SBC01_blue_lg,active,Maaji,LARGE,7702781024239,LARGE,100000,COP Price
2062SBC02_blue_sm,Size,2062SBC02_blue_sm,active,Maaji,SMALL,7702781003708,SMALL,100000,COP Price
2062SBC02_blue_md,Size,2062SBC02_blue_md,active,Maaji,MEDIUM,7702781003692,MEDIUM,100000,COP Price
2062SBC02_blue_lg,Size,2062SBC02_blue_lg,active,Maaji,LARGE,7702781003685,LARGE,100000,COP Price
2062SDC02_blue_sm,Size,2062SDC02_blue_sm,active,Maaji,SMALL,7702781020538,SMALL,100000,COP Price
2062SDC02_blue_md,Size,2062SDC02_blue_md,active,Maaji,MEDIUM,7702781020545,MEDIUM,100000,COP Price
2062SDC02_blue_lg,Size,2062SDC02_blue_lg,active,Maaji,LARGE,7702781020552,LARGE,100000,COP Price
2126SBC01_blue_sm,Size,2126SBC01_blue_sm,active,Maaji,SMALL,7702781006112,SMALL,100000,COP Price
2126SBC01_blue_md,Size,2126SBC01_blue_md,active,Maaji,MEDIUM,7702781006129,MEDIUM,100000,COP Price
2126SBC01_blue_lg,Size,2126SBC01_blue_lg,active,Maaji,LARGE,7702781006136,LARGE,100000,COP Price
2126SDC01_blue_sm,Size,2126SDC01_blue_sm,active,Maaji,SMALL,7702781021832,SMALL,100000,COP Price
2126SDC01_blue_md,Size,2126SDC01_blue_md,active,Maaji,MEDIUM,7702781021849,MEDIUM,100000,COP Price
2126SDC01_blue_lg,Size,2126SDC01_blue_lg,active,Maaji,LARGE,7702781021856,LARGE,100000,COP Price
2120SAC02_blue_sm,Size,2120SAC02_blue_sm,active,Maaji,SMALL,7702781006266,SMALL,100000,COP Price
2120SAC02_blue_md,Size,2120SAC02_blue_md,active,Maaji,MEDIUM,7702781006273,MEDIUM,100000,COP Price
2120SAC02_blue_lg,Size,2120SAC02_blue_lg,active,Maaji,LARGE,7702781006280,LARGE,100000,COP Price
2120SBC02_blue_sm,Size,2120SBC02_blue_sm,active,Maaji,SMALL,7702781020781,SMALL,100000,COP Price
2120SBC02_blue_md,Size,2120SBC02_blue_md,active,Maaji,MEDIUM,7702781020798,MEDIUM,100000,COP Price
2120SBC02_blue_lg,Size,2120SBC02_blue_lg,active,Maaji,LARGE,7702781020804,LARGE,100000,COP Price
3013SBC02_blue_sm,Size,3013SBC02_blue_sm,active,Maaji,SMALL,7702781004101,SMALL,95000,COP Price
3013SBC02_blue_md,Size,3013SBC02_blue_md,active,Maaji,MEDIUM,7702781004095,MEDIUM,95000,COP Price
3013SBC02_blue_lg,Size,3013SBC02_blue_lg,active,Maaji,LARGE,7702781004088,LARGE,95000,COP Price
2043SBC01_blue_sm,Size,2043SBC01_blue_sm,active,Maaji,SMALL,7702781006310,SMALL,100000,COP Price
2043SBC01_blue_md,Size,2043SBC01_blue_md,active,Maaji,MEDIUM,7702781006327,MEDIUM,100000,COP Price
2043SBC01_blue_lg,Size,2043SBC01_blue_lg,active,Maaji,LARGE,7702781006334,LARGE,100000,COP Price
2043SCC01_blue_sm,Size,2043SCC01_blue_sm,active,Maaji,SMALL,7702781020682,SMALL,100000,COP Price
2043SCC01_blue_md,Size,2043SCC01_blue_md,active,Maaji,MEDIUM,7702781020699,MEDIUM,100000,COP Price
2043SCC01_blue_lg,Size,2043SCC01_blue_lg,active,Maaji,LARGE,7702781020705,LARGE,100000,COP Price
2111SOB01_purple_sm,Size,2111SOB01_purple_sm,active,Maaji,SMALL,7702781016968,SMALL,273000,COP Price
2111SOB01_purple_md,Size,2111SOB01_purple_md,active,Maaji,MEDIUM,7702781016975,MEDIUM,273000,COP Price
2111SOB01_purple_lg,Size,2111SOB01_purple_lg,active,Maaji,LARGE,7702781016982,LARGE,273000,COP Price
2111SOC01_purple_sm,Size,2111SOC01_purple_sm,active,Maaji,SMALL,7702781021634,SMALL,273000,COP Price
2111SOC01_purple_md,Size,2111SOC01_purple_md,active,Maaji,MEDIUM,7702781021641,MEDIUM,273000,COP Price
2111SOC01_purple_lg,Size,2111SOC01_purple_lg,active,Maaji,LARGE,7702781021658,LARGE,273000,COP Price
2122SOB01_blue_sm,Size,2122SOB01_blue_sm,active,Maaji,SMALL,7702781017064,SMALL,273000,COP Price
2122SOB01_blue_md,Size,2122SOB01_blue_md,active,Maaji,MEDIUM,7702781017071,MEDIUM,273000,COP Price
2122SOB01_blue_lg,Size,2122SOB01_blue_lg,active,Maaji,LARGE,7702781017088,LARGE,273000,COP Price
2122SOC01_blue_sm,Size,2122SOC01_blue_sm,active,Maaji,SMALL,7702781021788,SMALL,273000,COP Price
2122SOC01_blue_md,Size,2122SOC01_blue_md,active,Maaji,MEDIUM,7702781021795,MEDIUM,273000,COP Price
2122SOC01_blue_lg,Size,2122SOC01_blue_lg,active,Maaji,LARGE,7702781021801,LARGE,273000,COP Price
3007SAC03_purple_sm,Size,3007SAC03_purple_sm,active,Maaji,SMALL,7702781019730,SMALL,95000,COP Price
3007SAC03_purple_md,Size,3007SAC03_purple_md,active,Maaji,MEDIUM,7702781019747,MEDIUM,95000,COP Price
3007SAC03_purple_lg,Size,3007SAC03_purple_lg,active,Maaji,LARGE,7702781019754,LARGE,95000,COP Price
3007SBC03_purple_sm,Size,3007SBC03_purple_sm,active,Maaji,SMALL,7702781001803,SMALL,95000,COP Price
3007SBC03_purple_md,Size,3007SBC03_purple_md,active,Maaji,MEDIUM,7702781001810,MEDIUM,95000,COP Price
3007SBC03_purple_lg,Size,3007SBC03_purple_lg,active,Maaji,LARGE,7702781001827,LARGE,95000,COP Price
3007SCC03_purple_sm,Size,3007SCC03_purple_sm,active,Maaji,SMALL,7702781019785,SMALL,95000,COP Price
3007SCC03_purple_md,Size,3007SCC03_purple_md,active,Maaji,MEDIUM,7702781019792,MEDIUM,95000,COP Price
3007SCC03_purple_lg,Size,3007SCC03_purple_lg,active,Maaji,LARGE,7702781019808,LARGE,95000,COP Price
3007SDC03_purple_sm,Size,3007SDC03_purple_sm,active,Maaji,SMALL,7702781019839,SMALL,95000,COP Price
3007SDC03_purple_md,Size,3007SDC03_purple_md,active,Maaji,MEDIUM,7702781019846,MEDIUM,95000,COP Price
3007SDC03_purple_lg,Size,3007SDC03_purple_lg,active,Maaji,LARGE,7702781019853,LARGE,95000,COP Price
3007SAC04_red_sm,Size,3007SAC04_red_sm,active,Maaji,SMALL,7702781019884,SMALL,95000,COP Price
3007SAC04_red_md,Size,3007SAC04_red_md,active,Maaji,MEDIUM,7702781019891,MEDIUM,95000,COP Price
3007SAC04_red_lg,Size,3007SAC04_red_lg,active,Maaji,LARGE,7702781019907,LARGE,95000,COP Price
3007SBC04_red_sm,Size,3007SBC04_red_sm,active,Maaji,SMALL,7702781001858,SMALL,95000,COP Price
3007SBC04_red_md,Size,3007SBC04_red_md,active,Maaji,MEDIUM,7702781001865,MEDIUM,95000,COP Price
3007SBC04_red_lg,Size,3007SBC04_red_lg,active,Maaji,LARGE,7702781001872,LARGE,95000,COP Price
3007SCC04_red_sm,Size,3007SCC04_red_sm,active,Maaji,SMALL,7702781019938,SMALL,95000,COP Price
3007SCC04_red_md,Size,3007SCC04_red_md,active,Maaji,MEDIUM,7702781019945,MEDIUM,95000,COP Price
3007SCC04_red_lg,Size,3007SCC04_red_lg,active,Maaji,LARGE,7702781019952,LARGE,95000,COP Price
3007SDC04_red_sm,Size,3007SDC04_red_sm,active,Maaji,SMALL,7702781019983,SMALL,95000,COP Price
3007SDC04_red_md,Size,3007SDC04_red_md,active,Maaji,MEDIUM,7702781019990,MEDIUM,95000,COP Price
3007SDC04_red_lg,Size,3007SDC04_red_lg,active,Maaji,LARGE,7702781020002,LARGE,95000,COP Price
2062SBC03_blue_sm,Size,2062SBC03_blue_sm,active,Maaji,SMALL,7702781020484,SMALL,100000,COP Price
2062SBC03_blue_md,Size,2062SBC03_blue_md,active,Maaji,MEDIUM,7702781020491,MEDIUM,100000,COP Price
2062SBC03_blue_lg,Size,2062SBC03_blue_lg,active,Maaji,LARGE,7702781020507,LARGE,100000,COP Price
2062SCC03_blue_sm,Size,2062SCC03_blue_sm,active,Maaji,SMALL,7702781002459,SMALL,100000,COP Price
2062SCC03_blue_md,Size,2062SCC03_blue_md,active,Maaji,MEDIUM,7702781002466,MEDIUM,100000,COP Price
2062SCC03_blue_lg,Size,2062SCC03_blue_lg,active,Maaji,LARGE,7702781002473,LARGE,100000,COP Price
2041SAC01_wine_sm,Size,2041SAC01_wine_sm,active,Maaji,SMALL,7702781020637,SMALL,100000,COP Price
2041SAC01_wine_md,Size,2041SAC01_wine_md,active,Maaji,MEDIUM,7702781020644,MEDIUM,100000,COP Price
2041SAC01_wine_lg,Size,2041SAC01_wine_lg,active,Maaji,LARGE,7702781020651,LARGE,100000,COP Price
2041SBC01_wine_sm,Size,2041SBC01_wine_sm,active,Maaji,SMALL,7702781001957,SMALL,100000,COP Price
2041SBC01_wine_md,Size,2041SBC01_wine_md,active,Maaji,MEDIUM,7702781001964,MEDIUM,100000,COP Price
2041SBC01_wine_lg,Size,2041SBC01_wine_lg,active,Maaji,LARGE,7702781001971,LARGE,100000,COP Price
3007SBC05_blue_sm,Size,3007SBC05_blue_sm,active,Maaji,SMALL,7702781020880,SMALL,95000,COP Price
3007SBC05_blue_md,Size,3007SBC05_blue_md,active,Maaji,MEDIUM,7702781020897,MEDIUM,95000,COP Price
3007SBC05_blue_lg,Size,3007SBC05_blue_lg,active,Maaji,LARGE,7702781020903,LARGE,95000,COP Price
3007SCC05_blue_sm,Size,3007SCC05_blue_sm,active,Maaji,SMALL,7702781004040,SMALL,95000,COP Price
3007SCC05_blue_md,Size,3007SCC05_blue_md,active,Maaji,MEDIUM,7702781004057,MEDIUM,95000,COP Price
3007SCC05_blue_lg,Size,3007SCC05_blue_lg,active,Maaji,LARGE,7702781004064,LARGE,95000,COP Price
2119SOH01_purple_sm,Size,2119SOH01_purple_sm,active,Maaji,SMALL,7702781021580,SMALL,252000,COP Price
2119SOH01_purple_md,Size,2119SOH01_purple_md,active,Maaji,MEDIUM,7702781021597,MEDIUM,252000,COP Price
2119SOH01_purple_lg,Size,2119SOH01_purple_lg,active,Maaji,LARGE,7702781021603,LARGE,252000,COP Price
2119SOR01_purple_sm,Size,2119SOR01_purple_sm,active,Maaji,SMALL,7702781017019,SMALL,252000,COP Price
2119SOR01_purple_md,Size,2119SOR01_purple_md,active,Maaji,MEDIUM,7702781017026,MEDIUM,252000,COP Price
2119SOR01_purple_lg,Size,2119SOR01_purple_lg,active,Maaji,LARGE,7702781017033,LARGE,252000,COP Price
3050SOH01_blue_sm,Size,3050SOH01_blue_sm,active,Maaji,SMALL,7702781021733,SMALL,252000,COP Price
3050SOH01_blue_md,Size,3050SOH01_blue_md,active,Maaji,MEDIUM,7702781021740,MEDIUM,252000,COP Price
3050SOH01_blue_lg,Size,3050SOH01_blue_lg,active,Maaji,LARGE,7702781021757,LARGE,252000,COP Price
3050SOR01_blue_sm,Size,3050SOR01_blue_sm,active,Maaji,SMALL,7702781016760,SMALL,252000,COP Price
3050SOR01_blue_md,Size,3050SOR01_blue_md,active,Maaji,MEDIUM,7702781016777,MEDIUM,252000,COP Price
3050SOR01_blue_lg,Size,3050SOR01_blue_lg,active,Maaji,LARGE,7702781016784,LARGE,252000,COP Price
2130SCC01_blue_sm,Size,2130SCC01_blue_sm,active,Maaji,SMALL,7702781026479,SMALL,105000,COP Price
2130SCC01_blue_md,Size,2130SCC01_blue_md,active,Maaji,MEDIUM,7702781026486,MEDIUM,105000,COP Price
2130SCC01_blue_lg,Size,2130SCC01_blue_lg,active,Maaji,LARGE,7702781026493,LARGE,105000,COP Price
