lv1_code,product_class_name,name,status,brand,attribute.co_online.boolean,attribute.us_online.boolean,image.1.url,image.1.description,image.1.is_primary,image.1.tag_list,image.2.url,image.2.description,image.2.is_primary,image.2.tag_list,image.3.url,image.3.description,image.3.is_primary,image.3.tag_list,image.4.url,image.4.description,image.4.is_primary,image.4.ta_list,image.5.url,image.5.description,image.5.is_primary,image.5.tag_list,image.6.url,image.6.description,image.6.is_primary,image.6.tag_list,image.7.url,image.7.description,image.7.is_primary,image.7.tag_list,image.8.url,image.8.description,image.8.is_primary,image.8.tag_list,attribute.saya_color.single_option,variation_children_code
1539CSD01_orange,Colour,1539CSD01_orange,active,Maaji,1,1,https://res.cloudinary.com/maaji/image/upload/v1528461600/HigSummer2018/1539CSD01_orange_3.jpg,1539CSD01_orange_3,yes,hi-res,https://res.cloudinary.com/maaji/image/upload/v1528461601/HigSummer2018/1539CSD01_orange_4.jpg,1539CSD01_orange_4,no,hi-res,,,,,,,,,,,,,,,,,,,,,,,,,anaranjado,1539CSD01_orange_sm|1539CSD01_orange_md|1539CSD01_orange_lg
1540CCT01_orange,Colour,1540CCT01_orange,active,Maaji,1,1,https://res.cloudinary.com/maaji/image/upload/v1528462311/HigSummer2018/1540CCT01_orange_1.jpg,1540CCT01_orange_1,yes,hi-res,https://res.cloudinary.com/maaji/image/upload/v1528462312/HigSummer2018/1540CCT01_orange_5.jpg,1540CCT01_orange_5,no,hi-res,https://res.cloudinary.com/maaji/image/upload/v1528462312/HigSummer2018/1540CCT01_orange_6.jpg,1540CCT01_orange_6,no,hi-res,https://res.cloudinary.com/maaji/image/upload/v1528462313/HigSummer2018/1540CCT01_orange_7.jpg,1540CCT01_orange_7,no,hi-res,https://res.cloudinary.com/maaji/image/upload/v1528462314/HigSummer2018/1540CCT01_orange_8.jpg,1540CCT01_orange_8,no,hi-res,,,,,,,,,,,,,anaranjado,1540CCT01_orange_sm|1540CCT01_orange_md|1540CCT01_orange_lg
1541CPA01_orange,Colour,1541CPA01_orange,active,Maaji,1,1,https://res.cloudinary.com/maaji/image/upload/v1528462532/HigSummer2018/1541CPA01_orange_1.jpg,1541CPA01_orange_1,yes,hi-res,https://res.cloudinary.com/maaji/image/upload/v1528462533/HigSummer2018/1541CPA01_orange_2.jpg,1541CPA01_orange_2,no,hi-res,,,,,,,,hi-res,,,,,,,,,,,,,,,,,anaranjado,1541CPA01_orange_sm|1541CPA01_orange_md|1541CPA01_orange_lg
1542CCT01_blue,Colour,1542CCT01_blue,active,Maaji,1,1,https://res.cloudinary.com/maaji/image/upload/v1528462833/HigSummer2018/1542CCT01_blue_1.jpg,1542CCT01_blue_1,yes,hi-res,https://res.cloudinary.com/maaji/image/upload/v1528462835/HigSummer2018/1542CCT01_blue_2.jpg,1542CCT01_blue_2,no,hi-res,https://res.cloudinary.com/maaji/image/upload/v1528462835/HigSummer2018/1542CCT01_blue_7.jpg,1542CCT01_blue_7,no,hi-res,https://res.cloudinary.com/maaji/image/upload/v1528462838/HigSummer2018/1542CCT01_blue_8.jpg,1542CCT01_blue_8,no,hi-res,,,,,,,,,,,,,,,,,azul,1542CCT01_blue_sm|1542CCT01_blue_md|1542CCT01_blue_lg
1543CSH01_blue,Colour,1543CSH01_blue,active,Maaji,1,1,https://res.cloudinary.com/maaji/image/upload/v1528463049/HigSummer2018/1543CSH01_blue_1.jpg,1543CSH01_blue_1,yes,hi-res,https://res.cloudinary.com/maaji/image/upload/v1528463050/HigSummer2018/1543CSH01_blue_2.jpg,1543CSH01_blue_2,no,hi-res,,,,,,,,,,,,,,,,,,,,,,,,,azul,1543CSH01_blue_sm|1543CSH01_blue_md|1543CSH01_blue_lg
1544CSD01_blue,Colour,1544CSD01_blue,active,Maaji,1,1,https://res.cloudinary.com/maaji/image/upload/v1528463268/HigSummer2018/1544CSD01_blue_3.jpg,1544CSD01_blue_3,yes,hi-res,https://res.cloudinary.com/maaji/image/upload/v1528463269/HigSummer2018/1544CSD01_blue_4.jpg,1544CSD01_blue_4,no,hi-res,https://res.cloudinary.com/maaji/image/upload/v1528463270/HigSummer2018/1544CSD01_blue_7.jpg,1544CSD01_blue_7,no,hi-res,https://res.cloudinary.com/maaji/image/upload/v1528463271/HigSummer2018/1544CSD01_blue_8.jpg,1544CSD01_blue_8,no,hi-res,,,,,,,,,,,,,,,,,azul,1544CSD01_blue_sm|1544CSD01_blue_md|1544CSD01_blue_lg
2135SSF04_blue,Colour,2135SSF04_blue,active,Maaji,1,1,https://res.cloudinary.com/maaji/image/upload/v1528464244/HigSummer2018/2135SSF04_blue_1.jpg,2135SSF04_blue_1,yes,hi-res,https://res.cloudinary.com/maaji/image/upload/v1528464245/HigSummer2018/2135SSF04_blue_2.jpg,2135SSF04_blue_2,no,hi-res,,,,,,,,,,,,,,,,,,,,,,,,,azul,2135SSF04_blue_sm|2135SSF04_blue_md|2135SSF04_blue_lg
2161SFA03_brown,Colour,2161SFA03_brown,active,Maaji,1,1,https://res.cloudinary.com/maaji/image/upload/v1528469409/HigSummer2018/2161SFA03_brown_1.jpg,2161SFA03_brown_1,yes,hi-res,https://res.cloudinary.com/maaji/image/upload/v1528469410/HigSummer2018/2161SFA03_brown_2.jpg,2161SFA03_brown_2,no,hi-res,,,,,,,,,,,,,,,,,,,,,,,,,cafe,2161SFA03_brown_sm|2161SFA03_brown_md|2161SFA03_brown_lg|2161SFA03_brown_xl
2171SFH02_yellow,Colour,2171SFH02_yellow,active,Maaji,1,1,https://res.cloudinary.com/maaji/image/upload/v1528469756/HigSummer2018/2171SFH02_yellow_2.jpg,2171SFH02_yellow_2,yes,hi-res,https://res.cloudinary.com/maaji/image/upload/v1528469756/HigSummer2018/2171SFH02_yellow_7.jpg,2171SFH02_yellow_7,no,hi-res,https://res.cloudinary.com/maaji/image/upload/v1528469757/HigSummer2018/2171SFH02_yellow_8.jpg,2171SFH02_yellow_7,no,hi-res,,,,,,,,,,,,,,,,,,,,,amarillo,2171SFH02_yellow_sm|2171SFH02_yellow_md|2171SFH02_yellow_lg|2171SFH02_yellow_xl
2178SUN02_yellow,Colour,2178SUN02_yellow,active,Maaji,1,1,https://res.cloudinary.com/maaji/image/upload/v1528470020/HigSummer2018/2178SUN02_yellow_1.jpg,2178SUN02_yellow_1,yes,hi-res,https://res.cloudinary.com/maaji/image/upload/v1528470021/HigSummer2018/2178SUN02_yellow_2.jpg,2178SUN02_yellow_2,no,hi-res,,,,,,,,,,,,,,,,,,,,,,,,,amarillo,2178SUN02_yellow_sm|2178SUN02_yellow_md|2178SUN02_yellow_lg|2178SUN02_yellow_xl
2192SFT01_yellow,Colour,2192SFT01_yellow,active,Maaji,1,1,https://res.cloudinary.com/maaji/image/upload/v1528470321/HigSummer2018/2192SFT01_yellow_1.jpg,2192SFT01_yellow_1,yes,hi-res,https://res.cloudinary.com/maaji/image/upload/v1528470322/HigSummer2018/2192SFT01_yellow_2.jpg,2192SFT01_yellow_2,no,hi-res,,,,,,,,,,,,,,,,,,,,,,,,,amarillo,2192SFT01_yellow_sm|2192SFT01_yellow_md|2192SFT01_yellow_lg|2192SFT01_yellow_xl
2193SFA01_brown,Colour,2193SFA01_brown,active,Maaji,1,1,https://res.cloudinary.com/maaji/image/upload/v1528470678/HigSummer2018/2193SFA01_brown_1.jpg,2193SFA01_brown_1,yes,hi-res,https://res.cloudinary.com/maaji/image/upload/v1528470679/HigSummer2018/2193SFA01_brown_2.jpg,2193SFA01_brown_2,no,hi-res,https://res.cloudinary.com/maaji/image/upload/v1528470680/HigSummer2018/2193SFA01_brown_7.jpg,2193SFA01_brown_7,no,hi-res,https://res.cloudinary.com/maaji/image/upload/v1528470681/HigSummer2018/2193SFA01_brown_8.jpg,2193SFA01_brown_8,no,hi-res,,,,,,,,,,,,,,,,,cafe,2193SFA01_brown_sm|2193SFA01_brown_md|2193SFA01_brown_lg|2193SFA01_brown_xl
2195SRA01_blue,Colour,2195SRA01_blue,active,Maaji,1,1,https://res.cloudinary.com/maaji/image/upload/v1528471106/HigSummer2018/2195SRA01_blue_1.jpg,2195SRA01_blue_1,yes,hi-res,https://res.cloudinary.com/maaji/image/upload/v1528471016/HigSummer2018/2195SRA01_blue_2.jpg,2195SRA01_blue_2,no,hi-res,,,,,,,,,,,,,,,,,,,,,,,,,azul,2195SRA01_blue_sm|2195SRA01_blue_md|2195SRA01_blue_lg|2195SRA01_blue_xl
2196SLT01_blue,Colour,2196SLT01_blue,active,Maaji,1,1,https://res.cloudinary.com/maaji/image/upload/v1528471325/HigSummer2018/2196SLT01_blue_1.jpg,21296SLT01_blue_1,yes,hi-res,https://res.cloudinary.com/maaji/image/upload/v1528471326/HigSummer2018/2196SLT01_blue_2.jpg,2196SLT01_blue_2,no,hi-res,,,,,,,,,,,,,,,,,,,,,,,,,azul,2196SLT01_blue_sm|2196SLT01_blue_md|2196SLT01_blue_lg|2196SLT01_blue_xl
3012SFH06_blue,Colour,3012SFH06_blue,active,Maaji,1,1,https://res.cloudinary.com/maaji/image/upload/v1528472164/HigSummer2018/3012SFH06_blue_1.jpg,3012SFH06_blue_1,yes,hi-res,https://res.cloudinary.com/maaji/image/upload/v1528472165/HigSummer2018/3012SFH06_blue_2.jpg,3012SFH06_blue_2,no,hi-res,https://res.cloudinary.com/maaji/image/upload/v1528472166/HigSummer2018/3012SFH06_blue_3.jpg,3012SFH06_blue_3,no,hi-res,https://res.cloudinary.com/maaji/image/upload/v1528472166/HigSummer2018/3012SFH06_blue_4.jpg,3012SFH06_blue_4,no,hi-res,https://res.cloudinary.com/maaji/image/upload/v1528472168/HigSummer2018/3012SFH06_blue_5.jpg,3012SFH06_blue_5,no,hi-res,https://res.cloudinary.com/maaji/image/upload/v1528472169/HigSummer2018/3012SFH06_blue_6.jpg,3012SFH06_blue_6,no,hi-res,https://res.cloudinary.com/maaji/image/upload/v1528472169/HigSummer2018/3012SFH06_blue_7.jpg,3012SFH06_blue_7,no,hi-res,https://res.cloudinary.com/maaji/image/upload/v1528472170/HigSummer2018/3012SFH06_blue_8.jpg,3012SFH06_blue_8,no,hi-res,azul,3012SFH06_blue_sm|3012SFH06_blue_md|3012SFH06_blue_lg|3012SFH06_blue_xl
3042SFH04_brown,Colour,3042SFH04_brown,active,Maaji,1,1,https://res.cloudinary.com/maaji/image/upload/v1528472708/HigSummer2018/3042SFH04_brown_1.jpg,3042SFH04_brown_1,yes,hi-res,https://res.cloudinary.com/maaji/image/upload/v1528472709/HigSummer2018/3042SFH04_brown_2.jpg,3042SFH04_brown_2,no,hi-res,https://res.cloudinary.com/maaji/image/upload/v1528472710/HigSummer2018/3042SFH04_brown_5.jpg,3042SFH04_brown_5,no,hi-res,https://res.cloudinary.com/maaji/image/upload/v1528472711/HigSummer2018/3042SFH04_brown_6.jpg,3042SFH04_brown_6,no,hi-res,,,,,,,,,,,,,,,,,cafe,3042SFH04_brown_sm|3042SFH04_brown_md|3042SFH04_brown_lg|3042SFH04_brown_xl
3061SSP02_blue,Colour,3061SSP02_blue,active,Maaji,1,1,https://res.cloudinary.com/maaji/image/upload/v1528473225/HigSummer2018/3061SSP02_blue_1.jpg,3061SSP02_blue_1,yes,hi-res,https://res.cloudinary.com/maaji/image/upload/v1528473226/HigSummer2018/3061SSP02_blue_2.jpg,3061SSP02_blue_2,no,hi-res,https://res.cloudinary.com/maaji/image/upload/v1528473227/HigSummer2018/3061SSP02_blue_5.jpg,3061SSP02_blue_5,no,hi-res,https://res.cloudinary.com/maaji/image/upload/v1528473228/HigSummer2018/3061SSP02_blue_6.jpg,3061SSP02_blue_6,no,hi-res,,,,,,,,,,,,,,,,,azul,3061SSP02_blue_sm|3061SSP02_blue_md|3061SSP02_blue_lg|3061SSP02_blue_xl
3062SBA02_yellow,Colour,3062SBA02_yellow,active,Maaji,1,1,https://res.cloudinary.com/maaji/image/upload/v1528473930/HigSummer2018/3062SBA02_yellow_1.jpg,3062SBA02_yellow_1,yes,hi-res,https://res.cloudinary.com/maaji/image/upload/v1528473931/HigSummer2018/3062SBA02_yellow_2.jpg,3062SBA02_yellow_2,no,hi-res,https://res.cloudinary.com/maaji/image/upload/v1528473932/HigSummer2018/3062SBA02_yellow_3.jpg,3062SBA02_yellow_3,no,hi-res,https://res.cloudinary.com/maaji/image/upload/v1528473933/HigSummer2018/3062SBA02_yellow_4.jpg,3062SBA02_yellow_4,no,hi-res,https://res.cloudinary.com/maaji/image/upload/v1528473934/HigSummer2018/3062SBA02_yellow_5.jpg,3062SBA02_yellow_5,no,hi-res,https://res.cloudinary.com/maaji/image/upload/v1528473935/HigSummer2018/3062SBA02_yellow_6.jpg,3062SBA02_yellow_6,no,hi-res,https://res.cloudinary.com/maaji/image/upload/v1528473936/HigSummer2018/3062SBA02_yellow_7.jpg,3062SBA02_yellow_7,no,hi-res,https://res.cloudinary.com/maaji/image/upload/v1528473937/HigSummer2018/3062SBA02_yellow_8.jpg,3062SBA02_yellow_8,no,hi-res,amarillo,3062SBA02_yellow_sm|3062SBA02_yellow_md|3062SBA02_yellow_lg|3062SBA02_yellow_xl
3063SBR03_brown,Colour,3063SBR03_brown,active,Maaji,1,1,https://res.cloudinary.com/maaji/image/upload/v1528474435/HigSummer2018/3063SBR03_brown_1.jpg,3063SBR03_brown_1,yes,hi-res,https://res.cloudinary.com/maaji/image/upload/v1528474436/HigSummer2018/3063SBR03_brown_2.jpg,3063SBR03_brown_2,no,hi-res,https://res.cloudinary.com/maaji/image/upload/v1528474437/HigSummer2018/3063SBR03_brown_5.jpg,3063SBR03_brown_5,no,hi-res,https://res.cloudinary.com/maaji/image/upload/v1528474438/HigSummer2018/3063SBR03_brown_6.jpg,3063SBR03_brown_6,no,hi-res,,,,,,,,,,,,,,,,,cafe,3063SBR03_brown_sm|3063SBR03_brown_md|3063SBR03_brown_lg|3063SBR03_brown_xl
3071SSE01_yellow,Colour,3071SSE01_yellow,active,Maaji,1,1,https://res.cloudinary.com/maaji/image/upload/v1528474797/HigSummer2018/3071SSE01_yellow_1.jpg,3071SSE01_yellow_1,yes,hi-res,https://res.cloudinary.com/maaji/image/upload/v1528474797/HigSummer2018/3071SSE01_yellow_2.jpg,3071SSE01_yellow_2,no,hi-res,https://res.cloudinary.com/maaji/image/upload/v1528474796/HigSummer2018/3071SSE01_yellow_5.jpg,3071SSE01_yellow_5,no,hi-res,https://res.cloudinary.com/maaji/image/upload/v1528474798/HigSummer2018/3071SSE01_yellow_6.jpg,3071SSE01_yellow_6,no,hi-res,,,,,,,,,,,,,,,,,amarillo,3071SSE01_yellow_sm|3071SSE01_yellow_md|3071SSE01_yellow_lg|3071SSE01_yellow_xl
