lv1_code,product_class_name,name,status,brand,attribute.dw_size_code.single_option,attribute.saya_ean.string,attribute.saya_size.single_option,price_item.1.amount,price_item.1.price_book
1539CSD01_orange_sm,Size,1539CSD01_orange_sm,active,Maaji,SMALL,7702781056629,SMALL,155000,COP Price
1539CSD01_orange_md,Size,1539CSD01_orange_md,active,Maaji,MEDIUM,7702781056636,MEDIUM,155000,COP Price
1539CSD01_orange_lg,Size,1539CSD01_orange_lg,active,Maaji,LARGE,7702781056643,LARGE,155000,COP Price
1540CCT01_orange_sm,Size,1540CCT01_orange_sm,active,Maaji,SMALL,7702781058579,SMALL,120000,COP Price
1540CCT01_orange_md,Size,1540CCT01_orange_md,active,Maaji,MEDIUM,7702781058586,MEDIUM,120000,COP Price
1540CCT01_orange_lg,Size,1540CCT01_orange_lg,active,Maaji,LARGE,7702781058593,LARGE,120000,COP Price
1541CPA01_orange_sm,Size,1541CPA01_orange_sm,active,Maaji,SMALL,7702781056490,SMALL,180000,COP Price
1541CPA01_orange_md,Size,1541CPA01_orange_md,active,Maaji,MEDIUM,7702781056506,MEDIUM,180000,COP Price
1541CPA01_orange_lg,Size,1541CPA01_orange_lg,active,Maaji,LARGE,7702781056513,LARGE,180000,COP Price
1542CCT01_blue_sm,Size,1542CCT01_blue_sm,active,Maaji,SMALL,7702781058524,SMALL,120000,COP Price
1542CCT01_blue_md,Size,1542CCT01_blue_md,active,Maaji,MEDIUM,7702781058531,MEDIUM,120000,COP Price
1542CCT01_blue_lg,Size,1542CCT01_blue_lg,active,Maaji,LARGE,7702781058548,LARGE,120000,COP Price
1543CSH01_blue_sm,Size,1543CSH01_blue_sm,active,Maaji,SMALL,7702781056575,SMALL,95000,COP Price
1543CSH01_blue_md,Size,1543CSH01_blue_md,active,Maaji,MEDIUM,7702781056582,MEDIUM,95000,COP Price
1543CSH01_blue_lg,Size,1543CSH01_blue_lg,active,Maaji,LARGE,7702781056599,LARGE,95000,COP Price
1544CSD01_blue_sm,Size,1544CSD01_blue_sm,active,Maaji,SMALL,7702781058623,SMALL,155000,COP Price
1544CSD01_blue_md,Size,1544CSD01_blue_md,active,Maaji,MEDIUM,7702781058630,MEDIUM,155000,COP Price
1544CSD01_blue_lg,Size,1544CSD01_blue_lg,active,Maaji,LARGE,7702781058647,LARGE,155000,COP Price
2135SSF04_blue_sm,Size,2135SSF04_blue_sm,active,Maaji,SMALL,7702781057626,SMALL,125000,COP Price
2135SSF04_blue_md,Size,2135SSF04_blue_md,active,Maaji,MEDIUM,7702781057633,MEDIUM,125000,COP Price
2135SSF04_blue_lg,Size,2135SSF04_blue_lg,active,Maaji,LARGE,7702781057640,LARGE,125000,COP Price
2161SFA03_brown_sm,Size,2161SFA03_brown_sm,active,Maaji,SMALL,7702781057374,SMALL,135000,COP Price
2161SFA03_brown_md,Size,2161SFA03_brown_md,active,Maaji,MEDIUM,7702781057381,MEDIUM,135000,COP Price
2161SFA03_brown_lg,Size,2161SFA03_brown_lg,active,Maaji,LARGE,7702781057398,LARGE,135000,COP Price
2161SFA03_brown_xl,Size,2161SFA03_brown_xl,active,Maaji,EXTRA LARGE,7702781057404,EXTRA LARGE,135000,COP Price
2171SFH02_yellow_sm,Size,2171SFH02_yellow_sm,active,Maaji,SMALL,7702781057329,SMALL,135000,COP Price
2171SFH02_yellow_md,Size,2171SFH02_yellow_md,active,Maaji,MEDIUM,7702781057336,MEDIUM,135000,COP Price
2171SFH02_yellow_lg,Size,2171SFH02_yellow_lg,active,Maaji,LARGE,7702781057343,LARGE,135000,COP Price
2171SFH02_yellow_xl,Size,2171SFH02_yellow_xl,active,Maaji,EXTRA LARGE,7702781057350,EXTRA LARGE,135000,COP Price
2178SUN02_yellow_sm,Size,2178SUN02_yellow_sm,active,Maaji,SMALL,7702781057428,SMALL,100000,COP Price
2178SUN02_yellow_md,Size,2178SUN02_yellow_md,active,Maaji,MEDIUM,7702781057435,MEDIUM,100000,COP Price
2178SUN02_yellow_lg,Size,2178SUN02_yellow_lg,active,Maaji,LARGE,7702781057442,LARGE,100000,COP Price
2178SUN02_yellow_xl,Size,2178SUN02_yellow_xl,active,Maaji,EXTRA LARGE,7702781057459,EXTRA LARGE,100000,COP Price
2192SFT01_yellow_sm,Size,2192SFT01_yellow_sm,active,Maaji,SMALL,7702781057220,SMALL,115000,COP Price
2192SFT01_yellow_md,Size,2192SFT01_yellow_md,active,Maaji,MEDIUM,7702781057237,MEDIUM,115000,COP Price
2192SFT01_yellow_lg,Size,2192SFT01_yellow_lg,active,Maaji,LARGE,7702781057244,LARGE,115000,COP Price
2192SFT01_yellow_xl,Size,2192SFT01_yellow_xl,active,Maaji,EXTRA LARGE,7702781057251,EXTRA LARGE,115000,COP Price
2193SFA01_brown_sm,Size,2193SFA01_brown_sm,active,Maaji,SMALL,7702781057077,SMALL,135000,COP Price
2193SFA01_brown_md,Size,2193SFA01_brown_md,active,Maaji,MEDIUM,7702781057084,MEDIUM,135000,COP Price
2193SFA01_brown_lg,Size,2193SFA01_brown_lg,active,Maaji,LARGE,7702781057091,LARGE,135000,COP Price
2193SFA01_brown_xl,Size,2193SFA01_brown_xl,active,Maaji,EXTRA LARGE,7702781057107,EXTRA LARGE,135000,COP Price
2195SRA01_blue_sm,Size,2195SRA01_blue_sm,active,Maaji,SMALL,7702781057725,SMALL,180000,COP Price
2195SRA01_blue_md,Size,2195SRA01_blue_md,active,Maaji,MEDIUM,7702781057732,MEDIUM,180000,COP Price
2195SRA01_blue_lg,Size,2195SRA01_blue_lg,active,Maaji,LARGE,7702781057749,LARGE,180000,COP Price
2195SRA01_blue_xl,Size,2195SRA01_blue_xl,active,Maaji,EXTRA LARGE,7702781057756,EXTRA LARGE,180000,COP Price
2196SLT01_blue_sm,Size,2196SLT01_blue_sm,active,Maaji,SMALL,7702781057527,SMALL,125000,COP Price
2196SLT01_blue_md,Size,2196SLT01_blue_md,active,Maaji,MEDIUM,7702781057534,MEDIUM,125000,COP Price
2196SLT01_blue_lg,Size,2196SLT01_blue_lg,active,Maaji,LARGE,7702781057541,LARGE,125000,COP Price
2196SLT01_blue_xl,Size,2196SLT01_blue_xl,active,Maaji,EXTRA LARGE,7702781057558,EXTRA LARGE,125000,COP Price
3012SFH06_blue_sm,Size,3012SFH06_blue_sm,active,Maaji,SMALL,7702781057770,SMALL,135000,COP Price
3012SFH06_blue_md,Size,3012SFH06_blue_md,active,Maaji,MEDIUM,7702781057787,MEDIUM,135000,COP Price
3012SFH06_blue_lg,Size,3012SFH06_blue_lg,active,Maaji,LARGE,7702781057794,LARGE,135000,COP Price
3012SFH06_blue_xl,Size,3012SFH06_blue_xl,active,Maaji,EXTRA LARGE,7702781057800,EXTRA LARGE,135000,COP Price
3042SFH04_brown_sm,Size,3042SFH04_brown_sm,active,Maaji,SMALL,7702781057879,SMALL,135000,COP Price
3042SFH04_brown_md,Size,3042SFH04_brown_md,active,Maaji,MEDIUM,7702781057886,MEDIUM,135000,COP Price
3042SFH04_brown_lg,Size,3042SFH04_brown_lg,active,Maaji,LARGE,7702781057893,LARGE,135000,COP Price
3042SFH04_brown_xl,Size,3042SFH04_brown_xl,active,Maaji,EXTRA LARGE,7702781057909,EXTRA LARGE,135000,COP Price
3061SSP02_blue_sm,Size,3061SSP02_blue_sm,active,Maaji,SMALL,7702781057824,SMALL,125000,COP Price
3061SSP02_blue_md,Size,3061SSP02_blue_md,active,Maaji,MEDIUM,7702781057831,MEDIUM,125000,COP Price
3061SSP02_blue_lg,Size,3061SSP02_blue_lg,active,Maaji,LARGE,7702781057848,LARGE,125000,COP Price
3061SSP02_blue_xl,Size,3061SSP02_blue_xl,active,Maaji,EXTRA LARGE,7702781057855,EXTRA LARGE,125000,COP Price
3062SBA02_yellow_sm,Size,3062SBA02_yellow_sm,active,Maaji,SMALL,7702781058227,SMALL,125000,COP Price
3062SBA02_yellow_md,Size,3062SBA02_yellow_md,active,Maaji,MEDIUM,7702781058234,MEDIUM,125000,COP Price
3062SBA02_yellow_lg,Size,3062SBA02_yellow_lg,active,Maaji,LARGE,7702781058241,LARGE,125000,COP Price
3062SBA02_yellow_xl,Size,3062SBA02_yellow_xl,active,Maaji,EXTRA LARGE,7702781058258,EXTRA LARGE,125000,COP Price
3063SBR03_brown_sm,Size,3063SBR03_brown_sm,active,Maaji,SMALL,7702781057176,SMALL,115000,COP Price
3063SBR03_brown_md,Size,3063SBR03_brown_md,active,Maaji,MEDIUM,7702781057183,MEDIUM,115000,COP Price
3063SBR03_brown_lg,Size,3063SBR03_brown_lg,active,Maaji,LARGE,7702781057190,LARGE,115000,COP Price
3063SBR03_brown_xl,Size,3063SBR03_brown_xl,active,Maaji,EXTRA LARGE,7702781057206,EXTRA LARGE,115000,COP Price
3071SSE01_yellow_sm,Size,3071SSE01_yellow_sm,active,Maaji,SMALL,7702781057923,SMALL,115000,COP Price
3071SSE01_yellow_md,Size,3071SSE01_yellow_md,active,Maaji,MEDIUM,7702781057930,MEDIUM,115000,COP Price
3071SSE01_yellow_lg,Size,3071SSE01_yellow_lg,active,Maaji,LARGE,7702781057947,LARGE,115000,COP Price
3071SSE01_yellow_xl,Size,3071SSE01_yellow_xl,active,Maaji,EXTRA LARGE,7702781057954,EXTRA LARGE,115000,COP Price
