lv1_code,product_class_name,name,status,brand,attribute.dw_size_code.single_option,attribute.saya_ean.string,attribute.saya_size.single_option
2024sac06_rojo_sm,Size,2024SAC06 ROJO SM,active,Maaji,,7702781056728,
2024sac06_rojo_md,Size,2024SAC06 ROJO MD,active,Maaji,,7702781056735,
2024sac06_rojo_lg,Size,2024SAC06 ROJO LG,active,Maaji,,7702781056742,
2024sbc06_rojo_sm,Size,2024SBC06 ROJO SM,active,Maaji,,7702781060497,
2024sbc06_rojo_md,Size,2024SBC06 ROJO MD,active,Maaji,,7702781060503,
2024sbc06_rojo_lg,Size,2024SBC06 ROJO LG,active,Maaji,,7702781060510,
2043sac09_amarillo_sm,Size,2043SAC09 AMARILLO SM,active,Maaji,,7702781056773,
2043sac09_amarillo_md,Size,2043SAC09 AMARILLO MD,active,Maaji,,7702781056780,
2043sac09_amarillo_lg,Size,2043SAC09 AMARILLO LG,active,Maaji,,7702781056797,
2043sbc09_amarillo_sm,Size,2043SBC09 AMARILLO SM,active,Maaji,,7702781059323,
2043sbc09_amarillo_md,Size,2043SBC09 AMARILLO MD,active,Maaji,,7702781059330,
2043sbc09_amarillo_lg,Size,2043SBC09 AMARILLO LG,active,Maaji,,7702781059347,
2062sbc13_azul_sm,Size,2062SBC13 AZUL SM,active,Maaji,,7702781057572,
2062sbc13_azul_md,Size,2062SBC13 AZUL MD,active,Maaji,,7702781057589,
2062sbc13_azul_lg,Size,2062SBC13 AZUL LG,active,Maaji,,7702781057596,
2062scc13_azul_sm,Size,2062SCC13 AZUL SM,active,Maaji,,7702781059378,
2062scc13_azul_md,Size,2062SCC13 AZUL MD,active,Maaji,,7702781059385,
2062scc13_azul_lg,Size,2062SCC13 AZUL LG,active,Maaji,,7702781059392,
2110sbc04_azul_sm,Size,2110SBC04 AZUL SM,active,Maaji,,7702781056674,
2110sbc04_azul_md,Size,2110SBC04 AZUL MD,active,Maaji,,7702781056681,
2110sbc04_azul_lg,Size,2110SBC04 AZUL LG,active,Maaji,,7702781056698,
2110sdc04_azul_sm,Size,2110SDC04 AZUL SM,active,Maaji,,7702781059279,
2110sdc04_azul_md,Size,2110SDC04 AZUL MD,active,Maaji,,7702781059286,
2110sdc04_azul_lg,Size,2110SDC04 AZUL LG,active,Maaji,,7702781059293,
2119soh03_amarillo_sm,Size,2119SOH03 AMARILLO SM,active,Maaji,,7702781056827,
2119soh03_amarillo_md,Size,2119SOH03 AMARILLO MD,active,Maaji,,7702781056834,
2119soh03_amarillo_lg,Size,2119SOH03 AMARILLO LG,active,Maaji,,7702781056841,
2119sor03_amarillo_sm,Size,2119SOR03 AMARILLO SM,active,Maaji,,7702781058975,
2119sor03_amarillo_md,Size,2119SOR03 AMARILLO MD,active,Maaji,,7702781058982,
2119sor03_amarillo_lg,Size,2119SOR03 AMARILLO LG,active,Maaji,,7702781058999,
2130sbc02_azul_sm,Size,2130SBC02 AZUL SM,active,Maaji,,7702781059224,
2130sbc02_azul_md,Size,2130SBC02 AZUL MD,active,Maaji,,7702781059231,
2130sbc02_azul_lg,Size,2130SBC02 AZUL LG,active,Maaji,,7702781059248,
2130scc02_azul_sm,Size,2130SCC02 AZUL SM,active,Maaji,,7702781057121,
2130scc02_azul_md,Size,2130SCC02 AZUL MD,active,Maaji,,7702781057138,
2130scc02_azul_lg,Size,2130SCC02 AZUL LG,active,Maaji,,7702781057145,
2194sbc01_amarillo_sm,Size,2194SBC01 AMARILLO SM,active,Maaji,,7702781059422,
2194sbc01_amarillo_md,Size,2194SBC01 AMARILLO MD,active,Maaji,,7702781059439,
2194sbc01_amarillo_lg,Size,2194SBC01 AMARILLO LG,active,Maaji,,7702781059446,
2194sdc01_amarillo_sm,Size,2194SDC01 AMARILLO SM,active,Maaji,,7702781057473,
2194sdc01_amarillo_md,Size,2194SDC01 AMARILLO MD,active,Maaji,,7702781057480,
2194sdc01_amarillo_lg,Size,2194SDC01 AMARILLO LG,active,Maaji,,7702781057497,
3007sac22_azul_sm,Size,3007SAC22 AZUL SM,active,Maaji,,7702781058876,
3007sac22_azul_md,Size,3007SAC22 AZUL MD,active,Maaji,,7702781058883,
3007sac22_azul_lg,Size,3007SAC22 AZUL LG,active,Maaji,,7702781058890,
3007sbc22_azul_sm,Size,3007SBC22 AZUL SM,active,Maaji,,7702781058272,
3007sbc22_azul_md,Size,3007SBC22 AZUL MD,active,Maaji,,7702781058289,
3007sbc22_azul_lg,Size,3007SBC22 AZUL LG,active,Maaji,,7702781058296,
3007scc22_azul_sm,Size,3007SCC22 AZUL SM,active,Maaji,,7702781058920,
3007scc22_azul_md,Size,3007SCC22 AZUL MD,active,Maaji,,7702781058937,
3007scc22_azul_lg,Size,3007SCC22 AZUL LG,active,Maaji,,7702781058944,
3007sdc22_azul_sm,Size,3007SDC22 AZUL SM,active,Maaji,,7702781058821,
3007sdc22_azul_md,Size,3007SDC22 AZUL MD,active,Maaji,,7702781058838,
3007sdc22_azul_lg,Size,3007SDC22 AZUL LG,active,Maaji,,7702781058845,
3007sac23_cafe_sm,Size,3007SAC23 CAFE SM,active,Maaji,,7702781059125,
3007sac23_cafe_md,Size,3007SAC23 CAFE MD,active,Maaji,,7702781059132,
3007sac23_cafe_lg,Size,3007SAC23 CAFE LG,active,Maaji,,7702781059149,
3007sbc23_cafe_sm,Size,3007SBC23 CAFE SM,active,Maaji,,7702781059026,
3007sbc23_cafe_md,Size,3007SBC23 CAFE MD,active,Maaji,,7702781059033,
3007sbc23_cafe_lg,Size,3007SBC23 CAFE LG,active,Maaji,,7702781059040,
3007scc23_cafe_sm,Size,3007SCC23 CAFE SM,active,Maaji,,7702781059071,
3007scc23_cafe_md,Size,3007SCC23 CAFE MD,active,Maaji,,7702781059088,
3007scc23_cafe_lg,Size,3007SCC23 CAFE LG,active,Maaji,,7702781059095,
3007sdc23_cafe_sm,Size,3007SDC23 CAFE SM,active,Maaji,,7702781057275,
3007sdc23_cafe_md,Size,3007SDC23 CAFE MD,active,Maaji,,7702781057282,
3007sdc23_cafe_lg,Size,3007SDC23 CAFE LG,active,Maaji,,7702781057299,
3072sbc07_amarillo_sm,Size,3072SBC07 AMARILLO SM,active,Maaji,,7702781059477,
3072sbc07_amarillo_md,Size,3072SBC07 AMARILLO MD,active,Maaji,,7702781059484,
3072sbc07_amarillo_lg,Size,3072SBC07 AMARILLO LG,active,Maaji,,7702781059491,
3072scc07_amarillo_sm,Size,3072SCC07 AMARILLO SM,active,Maaji,,7702781057671,
3072scc07_amarillo_md,Size,3072SCC07 AMARILLO MD,active,Maaji,,7702781057688,
3072scc07_amarillo_lg,Size,3072SCC07 AMARILLO LG,active,Maaji,,7702781057695,
